"X","x"
"I(atan(I(atan(I(I(x28)*I(sin(I(I(m(-4.58867713,1))+I(m(-20.49592359,I(x27)))+I(m(2.61884983,I(x53)))))))))))",1.57278471805887e-21
"I(atan(I(atan(I(x25)))))",1.24713837058883e-09
"I(atan(I(atan(I(x6)))))",5.92968070145214e-11
"I(atan(I(gauss(I(I(gauss(I(x16)))*I(x16))))))",5.98640108788451e-26
"I(atan(I(gauss(I(x12)))))",3.96265955586182e-17
"I(atan(I(gauss(I(x23)))))",4.95442308315476e-39
"I(atan(I(gauss(I(x30)))))",2.97457825286255e-45
"I(atan(I(gauss(I(x37)))))",4.75704380915884e-20
"I(atan(I(gauss(I(x42)))))",1.6196779148961e-82
"I(atan(I(gauss(I(x8)))))",1.83719216270242e-34
"I(atan(I(I(I(x47)*I(tanh(I(tanh(I(x52))))))*I(x20))))",2.23687386653149e-17
"I(atan(I(I(I(x56)*I(x29))*I(x5))))",1.01993659720659e-48
"I(atan(I(I(m(-0.0004987,1))+I(m(2.90166674,I(x7)))+I(m(0.2283124,I(I(x4)*I(x36)))))))",9.61007489563495e-24
"I(atan(I(I(m(-0.07971677,1))+I(m(-2.11856368,I(gfquar(I(I(I(x25)*I(x4))*I(x56))))))+I(m(0.08357826,I(I(x25)*I(x8)))))))",1.83719215580609e-34
"I(atan(I(I(m(-0.13392089,1))+I(m(0.63863399,I(x15)))+I(m(2.53105988,I(x53))))))",8.11966507521254e-17
"I(atan(I(I(m(-0.17044857,1))+I(m(-2.06268377,I(x48)))+I(m(4.97462337,I(x56))))))",5.28371984714573e-14
"I(atan(I(I(m(-0.18615531,1))+I(m(2.48801972,I(x23)))+I(m(-0.81677046,I(x37)))+I(m(-0.09882507,I(glquar(I(I(x28)*I(x52)))))))))",4.35295138936331e-17
"I(atan(I(I(m(-0.39406372,1))+I(m(1.29977639,I(x54)))+I(m(-0.06995047,I(I(x26)*I(x12)))))))",9.80661469772619e-32
"I(atan(I(I(m(-0.43475882,1))+I(m(0.85969248,I(x16)))+I(m(0.10433081,I(x14)))+I(m(0.00536334,I(I(x5)*I(x5)))))))",6.48248120675424e-16
"I(atan(I(I(m(-0.52382011,1))+I(m(-1.04019004,I(glquar(I(x39)))))+I(m(2.20080137,I(glquar(I(I(m(-2.04670148,1))+I(m(-6.12563922,I(x25)))+I(m(0.08779995,I(x14)))))))))))",2.67546139944131e-37
"I(atan(I(I(m(-0.60101773,1))+I(m(-0.45145421,I(tanh(I(x47)))))+I(m(-1.13530851,I(x34))))))",1.8951613917947e-41
"I(atan(I(I(m(-0.62960796,1))+I(m(-1.46673465,I(x46)))+I(m(0.03122483,I(I(x21)*I(x57)))))))",5.49062515584936e-19
"I(atan(I(I(m(-0.64785201,1))+I(m(7.67594498,I(x55)))+I(m(0.6491758,I(I(x27)*I(x56))))+I(m(1.20524119,I(gmedi(I(x55))))))))",1.05330204763133e-08
"I(atan(I(I(m(-0.67787995,1))+I(m(0.40687017,I(x10)))+I(m(-1.63965701,I(x44)))+I(m(-0.8561526,I(x45))))))",1.76890152489314e-32
"I(atan(I(I(m(-0.76312012,1))+I(m(0.04818054,I(x12)))+I(m(4.32689133,I(x20)))+I(m(-5.40201764,I(x42)))+I(m(0.9913049,I(I(x28)*I(x42)))))))",1.19134599247468e-12
"I(atan(I(I(m(-0.76740157,1))+I(m(0.6829076,I(x16)))+I(m(-0.32496964,I(x36)))+I(m(3.55925576,I(gmedi(I(x24)))))+I(m(-1.78715989,I(glquar(I(x46))))))))",1.53326603778027e-24
"I(atan(I(I(m(-0.81278311,1))+I(m(-1.85004262,I(tanh(I(x28)))))+I(m(-0.54639177,I(x43))))))",2.29908745603521e-38
"I(atan(I(I(m(-0.92586917,1))+I(m(-3.12470574,I(x35)))+I(m(-0.34444151,I(x49))))))",1.16364212046422e-14
"I(atan(I(I(m(-1.00888553,1))+I(m(-0.00449694,I(x12)))+I(m(0.91273612,I(x15)))+I(m(-3.98952755,I(x35))))))",1.0498898202672e-18
"I(atan(I(I(m(-1.53055366,1))+I(m(-0.65374857,I(x43)))+I(m(-2.57050827,I(gfquar(I(x56)))))+I(m(1.95082164,I(gauss(I(x34)))))+I(m(0.09105129,I(I(x31)*I(I(x2)*I(gauss(I(x55)))))))+I(m(1.22817086,I(atan(I(I(m(-3.72258326,1))+I(m(-0.73063494,I(x45)))+I(m(3.30696576,I(gauss(I(x34)))))))))))))",7.09813839517911e-47
"I(atan(I(I(m(-1.81694741,1))+I(m(0.51936324,I(x6)))+I(m(0.01207679,I(x12)))+I(m(-5.78486035,I(x26)))+I(m(1.68462813,I(x52))))))",7.92198606809934e-13
"I(atan(I(I(m(-1.83469481,1))+I(m(-5.87739475,I(x26)))+I(m(1.79290917,I(x52))))))",9.3704539281852e-21
"I(atan(I(I(m(-2.02932313,1))+I(m(-6.10614982,I(x25)))+I(m(0.03426962,I(x28))))))",1.97760559764491e-17
"I(atan(I(I(m(-2.25066265,1))+I(m(-7.08451208,I(x26)))+I(m(0.52565896,I(x11))))))",3.13546190276413e-24
"I(atan(I(I(m(-3.72258326,1))+I(m(-0.73063494,I(x45)))+I(m(3.30696576,I(gauss(I(x34))))))))",8.2832378432603e-22
"I(atan(I(I(m(-4.92482049,1))+I(m(0.0594462,I(x12)))+I(m(0.07779099,I(x28)))+I(m(-1.66525567,I(x46)))+I(m(4.74611164,I(gauss(I(I(m(-2.23445278,1))+I(m(-7.0087352,I(x26)))+I(m(0.05455512,I(x14)))))))))))",5.21090514247588e-31
"I(atan(I(I(m(-8.53962713,1))+I(m(-52.81334573,I(x31)))+I(m(2.66720595,I(x53))))))",5.23891664339447e-18
"I(atan(I(I(m(0.04750798,1))+I(m(1.74876659,I(x23)))+I(m(1.86689999,I(x53)))+I(m(-2.48006152,I(I(x57)*I(tanh(I(x49)))))))))",5.71327036157993e-13
"I(atan(I(I(m(0.11494352,1))+I(m(-0.00644432,I(x2)))+I(m(0.54112537,I(x8)))+I(m(4.48213999,I(x20)))+I(m(0.01621294,I(I(I(x56)*I(x29))*I(x5)))))))",1.76890152489314e-32
"I(atan(I(I(m(0.1261277,1))+I(m(-1.31743977,I(x46)))+I(m(1.91239874,I(atan(I(I(m(-0.22947376,1))+I(m(0.42074532,I(x8)))+I(m(0.62726507,I(x21)))+I(m(-0.24987351,I(x49)))+I(m(2.23577846,I(x53)))))))))))",5.44295202189656e-20
"I(atan(I(I(m(0.13677275,1))+I(m(-16.62737777,I(x27)))+I(m(0.35677624,I(x18)))+I(m(-4.74378363,I(gauss(I(x7))))))))",3.14937452696726e-14
"I(atan(I(I(m(5.43485339,1))+I(m(2.54730263,I(x7)))+I(m(1.15256088,I(x54)))+I(m(-5.75436358,I(gauss(I(x20))))))))",0.99933054512963
"I(atan(I(I(x1)*I(x52))))",5.2516768502626e-20
"I(atan(I(I(x21)*I(x57))))",6.72720532972799e-40
"I(atan(I(I(x24)*I(x27))))",2.42777260037318e-11
"I(atan(I(I(x31)*I(x31))))",1.50762702634752e-25
"I(atan(I(I(x44)*I(x14))))",3.21764261050836e-11
"I(atan(I(I(x44)*I(x52))))",2.23309487064744e-05
"I(atan(I(I(x48)*I(atan(I(x24))))))",7.99874005869169e-15
"I(atan(I(I(x48)*I(x44))))",9.57589101976161e-26
"I(atan(I(I(x48)*I(x46))))",3.01645081165699e-16
"I(atan(I(I(x52)*I(gmedi(I(x10))))))",9.42528873157394e-20
"I(atan(I(I(x52)*I(x52))))",2.56962913674091e-17
"I(atan(I(I(x53)*I(x7))))",2.32178130454606e-14
"I(atan(I(I(x56)*I(x26))))",8.14374439696617e-18
"I(atan(I(sin(I(I(gauss(I(I(m(-0.33669321,1))+I(m(-1.4359167,I(gmedi(I(x46)))))+I(m(-0.30030368,I(x50))))))*I(x31))))))",1.87246510722194e-20
"I(atan(I(sin(I(I(m(-0.47296439,1))+I(m(-3.44324522,I(x42)))+I(m(4.99324807,I(x56)))+I(m(0.06432626,I(x57))))))))",1.76890152489314e-32
"I(atan(I(sin(I(x7)))))",1.94626514324448e-47
"I(atan(I(tanh(I(I(m(0.00914084,1))+I(m(1.55939107,I(x52)))+I(m(4.37337354,I(x56))))))))",1.23070445202146e-45
"I(atan(I(tanh(I(x24)))))",1.94626514325788e-47
"I(atan(I(tanh(I(x28)))))",1.03939821679169e-42
"I(atan(I(x1)))",7.89093828858286e-23
"I(atan(I(x10)))",4.3385078245152e-08
"I(atan(I(x12)))",1.33663189438286e-16
"I(atan(I(x14)))",0.000635323390611961
"I(atan(I(x15)))",4.84156014685634e-07
"I(atan(I(x17)))",1.50993017635539e-08
"I(atan(I(x18)))",5.08387563989981e-06
"I(atan(I(x20)))",5.43570987215593e-20
"I(atan(I(x21)))",7.8687548161367e-15
"I(atan(I(x23)))",1.23333718070551e-22
"I(atan(I(x24)))",1.24233298265832e-06
"I(atan(I(x25)))",0.999327257045034
"I(atan(I(x26)))",5.38458790711874e-20
"I(atan(I(x27)))",4.14756361544925e-18
"I(atan(I(x28)))",0.000635352689213124
"I(atan(I(x29)))",1.76890202318035e-32
"I(atan(I(x33)))",9.60947699233351e-24
"I(atan(I(x36)))",3.48236471500785e-15
"I(atan(I(x37)))",7.2681351835869e-19
"I(atan(I(x41)))",1.62840095828377e-13
"I(atan(I(x42)))",1.03651068294657e-05
"I(atan(I(x43)))",4.32929509057414e-08
"I(atan(I(x44)))",6.75133177251345e-15
"I(atan(I(x46)))",7.79131733761683e-08
"I(atan(I(x49)))",3.19067241571581e-05
"I(atan(I(x5)))",5.33339955987753e-17
"I(atan(I(x50)))",6.30782247277318e-16
"I(atan(I(x51)))",1.64411108969774e-08
"I(atan(I(x52)))",0.000635341637766426
"I(atan(I(x53)))",1.60978863893205e-12
"I(atan(I(x54)))",1.24268252348317e-06
"I(atan(I(x55)))",4.19366210858504e-18
"I(atan(I(x56)))",4.33854915925277e-08
"I(atan(I(x57)))",2.82467182367581e-07
"I(atan(I(x6)))",3.17362588735483e-11
"I(atan(I(x7)))",8.15400831140263e-13
"I(atan(I(x9)))",6.11873643132753e-11
"I(gauss(I(atan(I(gauss(I(x46)))))))",7.81175059814396e-17
"I(gauss(I(atan(I(I(x44)*I(x14))))))",9.00313319776905e-13
"I(gauss(I(atan(I(x27)))))",1.01993659720659e-48
"I(gauss(I(atan(I(x42)))))",7.21999675901598e-13
"I(gauss(I(atan(I(x46)))))",2.01702411777525e-22
"I(gauss(I(gauss(I(x14)))))",3.14480832510999e-32
"I(gauss(I(gauss(I(x20)))))",0.999330501744549
"I(gauss(I(gauss(I(x34)))))",2.14170496354969e-14
"I(gauss(I(gauss(I(x35)))))",4.32291775660874e-08
"I(gauss(I(gauss(I(x55)))))",7.50835161738102e-22
"I(gauss(I(gauss(I(x56)))))",6.55522079119893e-16
"I(gauss(I(gauss(I(x7)))))",4.37728245972115e-14
"I(gauss(I(I(gauss(I(I(m(-0.3233305,1))+I(m(0.40101812,I(x10)))+I(m(-1.46785736,I(gmedi(I(x46))))))))*I(x16))))",4.28312113890213e-08
"I(gauss(I(I(gauss(I(x16)))*I(x16))))",1.57279052964223e-21
"I(gauss(I(I(gfquar(I(x55)))*I(x52))))",1.23070445202146e-45
"I(gauss(I(I(I(gauss(I(x47)))*I(x33))*I(x25))))",1.28334728743076e-23
"I(gauss(I(I(I(x56)*I(x29))*I(x5))))",1.76890152489314e-32
"I(gauss(I(I(m(-0.00485137,1))+I(m(0.38523982,I(x1)))+I(m(2.83123824,I(x7))))))",1.28574455019893e-23
"I(gauss(I(I(m(-0.2695316,1))+I(m(-1.46346207,I(x48)))+I(m(2.71613686,I(x53))))))",1.50501527083379e-27
"I(gauss(I(I(m(-0.3233305,1))+I(m(0.40101812,I(x10)))+I(m(-1.46785736,I(gmedi(I(x46))))))))",1.02871968661567e-05
"I(gauss(I(I(m(-0.32919732,1))+I(m(1.2471316,I(x57)))+I(m(-23.29549401,I(glquar(I(x41))))))))",1.5168545317412e-08
"I(gauss(I(I(m(-0.39601765,1))+I(m(0.87161156,I(x15)))+I(m(0.15730089,I(x22)))+I(m(-0.01048328,I(I(x16)*I(x33)))))))",1.05561109564841e-40
"I(gauss(I(I(m(-0.402813,1))+I(m(0.81611501,I(x5)))+I(m(1.32774418,I(I(x28)*I(x49)))))))",3.24943837690767e-11
"I(gauss(I(I(m(-0.41051347,1))+I(m(1.05378914,I(x57)))+I(m(0.92775523,I(I(gauss(I(I(m(-0.3233305,1))+I(m(0.40101812,I(x10)))+I(m(-1.46785736,I(gmedi(I(x46))))))))*I(x16)))))))",5.14241325447518e-09
"I(gauss(I(I(m(-0.41940121,1))+I(m(1.0451626,I(x57)))+I(m(-0.4179129,I(I(x44)*I(x20)))))))",8.12093787262062e-17
"I(gauss(I(I(m(-0.46653973,1))+I(m(-0.30798612,I(x50)))+I(m(0.03597423,I(I(x35)*I(x19)))))))",1.19911129260114e-34
"I(gauss(I(I(m(-0.47177616,1))+I(m(-0.29537259,I(x51)))+I(m(0.0972927,I(I(glquar(I(x45)))*I(I(x37)*I(x11))))))))",6.50724809957683e-22
"I(gauss(I(I(m(-0.59520156,1))+I(m(-1.24923935,I(x48)))+I(m(0.2965685,I(x13)))+I(m(3.46154697,I(I(x52)*I(gmedi(I(x10)))))))))",2.09974287664439e-18
"I(gauss(I(I(m(-0.61464516,1))+I(m(0.39470248,I(x10)))+I(m(-1.10134259,I(tanh(I(x45))))))))",3.42701358714003e-09
"I(gauss(I(I(m(-0.63263794,1))+I(m(2.2864876,I(x7)))+I(m(-1.74877728,I(x44)))+I(m(1.49732096,I(glquar(I(x5))))))))",2.01508249632757e-13
"I(gauss(I(I(m(-0.84120903,1))+I(m(-3.17977503,I(x42)))+I(m(1.32808696,I(x54))))))",3.07094911434377e-20
"I(gauss(I(I(m(-0.8522999,1))+I(m(-1.45725767,I(x33)))+I(m(1.3750764,I(glquar(I(x54))))))))",1.73348040835276e-13
"I(gauss(I(I(m(-0.91528652,1))+I(m(0.39404024,I(x1)))+I(m(-3.21585721,I(x35))))))",1.83935021303728e-14
"I(gauss(I(I(m(-0.93740161,1))+I(m(-10.49578892,I(I(x46)*I(glquar(I(x21))))))+I(m(0.01999852,I(I(x16)*I(x12)))))))",9.83092744613856e-10
"I(gauss(I(I(m(-1.12477833,1))+I(m(-3.19464627,I(x42)))+I(m(-2.03534391,I(I(gauss(I(x14)))*I(x31)))))))",1.01076937545441e-31
"I(gauss(I(I(m(-2.02698063,1))+I(m(-6.05035258,I(x25)))+I(m(-0.14313867,I(x50))))))",7.92197770966497e-13
"I(gauss(I(I(m(-2.23445278,1))+I(m(-7.0087352,I(x26)))+I(m(0.05455512,I(x14))))))",7.22082795044366e-13
"I(gauss(I(I(m(-2.25088343,1))+I(m(-6.73037579,I(x26)))+I(m(-1.00521878,I(x33))))))",6.3351314258832e-37
"I(gauss(I(I(m(-2.30438609,1))+I(m(-6.84761884,I(x26)))+I(m(-0.05639985,I(x36)))+I(m(-1.36365992,I(x44))))))",1.18247776022999e-13
"I(gauss(I(I(m(-24.18801702,1))+I(m(-107.91147648,I(x41)))+I(m(-1.57313919,I(x44)))+I(m(11.02325203,I(gauss(I(x42))))))))",1.03939821679169e-42
"I(gauss(I(I(m(-26.72176065,1))+I(m(-3.20811321,I(gauss(I(x15)))))+I(m(0.11248013,I(x14)))+I(m(30.15704819,I(gauss(I(x29))))))))",7.34157955567472e-20
"I(gauss(I(I(m(0.11540724,1))+I(m(-1.92075328,I(glquar(I(x37)))))+I(m(0.2601876,I(x13)))+I(m(2.26451983,I(tanh(I(x11))))))))",1.83702638912576e-16
"I(gauss(I(I(m(0.13555627,1))+I(m(4.54706375,I(x20)))+I(m(0.99745192,I(x54)))+I(m(0.06445355,I(x14))))))",6.55375161860107e-16
"I(gauss(I(I(m(0.15919026,1))+I(m(4.53979118,I(x56)))+I(m(1.9498893,I(I(x7)*I(gauss(I(x42)))))))))",8.1208992267547e-17
"I(gauss(I(I(m(0.23523702,1))+I(m(5.55550599,I(x56)))+I(m(-0.73630397,I(glquar(I(I(m(-13.15922274,1))+I(m(-105.89585146,I(x41)))+I(m(1.25701011,I(I(gauss(I(x35)))*I(x54))))))))))))",4.86775109221697e-15
"I(gauss(I(I(m(0.49593973,1))+I(m(-0.55281396,I(x55)))+I(m(15.01962275,I(atan(I(x55))))))))",7.22050663133562e-13
"I(gauss(I(I(m(1.94313788,1))+I(m(4.96483349,I(atan(I(sin(I(x7)))))))+I(m(-1.41614612,I(gauss(I(x22))))))))",1.94626514324448e-47
"I(gauss(I(I(x10)*I(I(atan(I(x55)))*I(atan(I(I(m(0.39422099,1))+I(m(-0.66275498,I(x45)))+I(m(13.94107552,I(x55))))))))))",3.91665709238642e-15
"I(gauss(I(I(x16)*I(I(x12)*I(x26)))))",1.28338290892081e-23
"I(gauss(I(I(x22)*I(x14))))",2.59737135817792e-29
"I(gauss(I(I(x33)*I(x7))))",5.44295387862169e-20
"I(gauss(I(I(x34)*I(x45))))",5.1641536444843e-19
"I(gauss(I(I(x35)*I(x19))))",2.75956624065355e-19
"I(gauss(I(I(x44)*I(x49))))",9.05797863300213e-28
"I(gauss(I(I(x46)*I(x35))))",5.48439501241598e-34
"I(gauss(I(I(x55)*I(x55))))",2.32127140078103e-14
"I(gauss(I(I(x57)*I(x43))))",2.13641994907648e-28
"I(gauss(I(I(x8)*I(I(glquar(I(x28)))*I(x48)))))",1.02320808637451e-18
"I(gauss(I(sin(I(I(m(-2.95352186,1))+I(m(3.96174851,I(tanh(I(x57)))))+I(m(-13.57446565,I(I(x26)*I(gauss(I(x57)))))))))))",7.36085346428253e-39
"I(gauss(I(sin(I(I(m(0.17833935,1))+I(m(3.28467973,I(x56)))+I(m(0.17674018,I(gauss(I(x19)))))+I(m(6.69557232,I(atan(I(x55))))))))))",2.97208925825788e-18
"I(gauss(I(sin(I(x14)))))",9.37045392808963e-21
"I(gauss(I(sin(I(x23)))))",1.76890152489314e-32
"I(gauss(I(sin(I(x24)))))",9.42029277407914e-24
"I(gauss(I(sin(I(x42)))))",1.55751493171941e-28
"I(gauss(I(sin(I(x5)))))",1.2039153526312e-25
"I(gauss(I(sin(I(x53)))))",5.52045052989757e-34
"I(gauss(I(tanh(I(x12)))))",3.91867851994831e-17
"I(gauss(I(tanh(I(x52)))))",2.16232730544213e-19
"I(gauss(I(x1)))",7.70009950691035e-17
"I(gauss(I(x10)))",1.20524415644447e-43
"I(gauss(I(x11)))",1.83888040683742e-14
"I(gauss(I(x12)))",7.30008492556416e-15
"I(gauss(I(x14)))",9.3685510951667e-21
"I(gauss(I(x15)))",1.24270645118982e-06
"I(gauss(I(x16)))",2.13874047750873e-22
"I(gauss(I(x17)))",1.60974317895355e-12
"I(gauss(I(x18)))",9.15912550777306e-14
"I(gauss(I(x19)))",6.6220921048334e-17
"I(gauss(I(x2)))",7.7912507911901e-08
"I(gauss(I(x20)))",0.999330544061042
"I(gauss(I(x21)))",8.01136294306565e-17
"I(gauss(I(x22)))",1.40186756420872e-06
"I(gauss(I(x23)))",2.24715562258999e-05
"I(gauss(I(x24)))",5.19064706662996e-06
"I(gauss(I(x25)))",8.39882014494827e-06
"I(gauss(I(x26)))",1.05865899708814e-17
"I(gauss(I(x27)))",2.91457014209631e-20
"I(gauss(I(x28)))",5.45436094185925e-14
"I(gauss(I(x29)))",1.84467735135813e-14
"I(gauss(I(x30)))",4.98290832554711e-39
"I(gauss(I(x31)))",5.3861681248653e-26
"I(gauss(I(x33)))",5.71388167501211e-13
"I(gauss(I(x34)))",7.8676968117363e-13
"I(gauss(I(x35)))",0.999330501744139
"I(gauss(I(x36)))",1.02848982797169e-05
"I(gauss(I(x38)))",2.70972076021552e-41
"I(gauss(I(x4)))",8.87901592833874e-10
"I(gauss(I(x41)))",1.7835901607374e-16
"I(gauss(I(x42)))",5.30339849780668e-06
"I(gauss(I(x45)))",2.37394901359272e-05
"I(gauss(I(x46)))",7.79836067048997e-17
"I(gauss(I(x47)))",1.59452419565538e-12
"I(gauss(I(x48)))",9.85306524855442e-06
"I(gauss(I(x49)))",1.13130237588286e-05
"I(gauss(I(x5)))",7.41614094407353e-17
"I(gauss(I(x50)))",3.28545406293677e-16
"I(gauss(I(x51)))",2.094161249387e-13
"I(gauss(I(x52)))",2.15852256642087e-17
"I(gauss(I(x53)))",2.48288871852174e-16
"I(gauss(I(x54)))",7.79125079119104e-08
"I(gauss(I(x55)))",7.92174399784198e-13
"I(gauss(I(x56)))",0.000635352690854879
"I(gauss(I(x57)))",5.66571939313763e-13
"I(gauss(I(x6)))",6.95679257193171e-15
"I(gauss(I(x7)))",1.24268252298644e-06
"I(gauss(I(x8)))",6.48790978541004e-07
"I(gfquar(I(gauss(I(gauss(I(x55)))))))",3.72136453325458e-26
"I(gfquar(I(gauss(I(I(I(x56)*I(x29))*I(x5))))))",1.01993659720659e-48
"I(gfquar(I(gauss(I(I(m(0.23523702,1))+I(m(5.55550599,I(x56)))+I(m(-0.73630397,I(glquar(I(I(m(-13.15922274,1))+I(m(-105.89585146,I(x41)))+I(m(1.25701011,I(I(gauss(I(x35)))*I(x54))))))))))))))",5.10244788870463e-09
"I(gfquar(I(gauss(I(sin(I(I(m(-0.00029293,1))+I(m(-0.26381908,I(x49)))+I(m(4.9609897,I(x56))))))))))",2.32177355802117e-14
"I(gfquar(I(gauss(I(x2)))))",2.10581191909724e-55
"I(gfquar(I(gauss(I(x45)))))",1.62521839992134e-15
"I(gfquar(I(gauss(I(x5)))))",7.31356623666993e-28
"I(gfquar(I(gauss(I(x52)))))",1.02871948252937e-05
"I(gfquar(I(gauss(I(x53)))))",6.0044198781466e-20
"I(gfquar(I(I(atan(I(x52)))*I(x42))))",2.66584791432117e-17
"I(gfquar(I(I(gauss(I(x45)))*I(x24))))",5.45435550537667e-14
"I(gfquar(I(I(I(x25)*I(x4))*I(x56))))",1.72578829352035e-18
"I(gfquar(I(I(I(x41)*I(x45))*I(tanh(I(x20))))))",1.94626514327815e-47
"I(gfquar(I(I(I(x49)*I(x23))*I(x49))))",7.27352687811423e-19
"I(gfquar(I(I(m(-0.01224332,1))+I(m(0.79088132,I(x5)))+I(m(-1.04524129,I(x33)))+I(m(4.28619694,I(tanh(I(x24))))))))",5.50111603493942e-31
"I(gfquar(I(I(m(-0.08245284,1))+I(m(1.58576571,I(x24)))+I(m(5.770066,I(I(x56)*I(glquar(I(I(m(-2.22518973,1))+I(m(-7.07612852,I(x26)))+I(m(0.22806465,I(I(x27)*I(x57)))))))))))))",2.45212741204944e-33
"I(gfquar(I(I(m(-0.31252796,1))+I(m(-1.9612829,I(gmedi(I(x28)))))+I(m(-0.06498922,I(I(gmedi(I(x55)))*I(I(x16)*I(tanh(I(I(m(-0.86799844,1))+I(m(2.21152636,I(x7)))+I(m(2.85216595,I(glquar(I(x53)))))))))))))))",3.17686079709826e-18
"I(gfquar(I(I(m(-0.42553837,1))+I(m(0.83970862,I(x5)))+I(m(-0.18751732,I(I(atan(I(x46)))*I(I(x21)*I(x24))))))))",7.106083441682e-21
"I(gfquar(I(I(m(-0.45065505,1))+I(m(-0.13015889,I(x12)))+I(m(0.92115332,I(x21)))+I(m(-0.2963691,I(x51))))))",2.65436784220272e-18
"I(gfquar(I(I(m(-0.47615474,1))+I(m(-0.21505557,I(I(x25)*I(x24))))+I(m(-0.0065836,I(I(gauss(I(x14)))*I(I(x24)*I(x7))))))))",5.52272512870409e-34
"I(gfquar(I(I(m(-0.4810236,1))+I(m(0.01373406,I(x12)))+I(m(-0.43058117,I(x28))))))",0.999329067186032
"I(gfquar(I(I(m(-0.50893316,1))+I(m(0.03740136,I(I(x21)*I(x57))))+I(m(-0.51715506,I(sin(I(x49))))))))",1.47492698399486e-20
"I(gfquar(I(I(m(-0.53353179,1))+I(m(-0.57365807,I(x45)))+I(m(3.28311296,I(gmedi(I(x24)))))+I(m(1.25335081,I(sin(I(I(m(0.33362586,1))+I(m(-1.26499586,I(x33)))+I(m(14.01388023,I(x55))))))))+I(m(-1.53382432,I(atan(I(x51))))))))",5.23891664339447e-18
"I(gfquar(I(I(m(-0.56496658,1))+I(m(0.83705755,I(x5)))+I(m(-1.30525848,I(x33)))+I(m(-0.19330036,I(x47))))))",1.62314351037775e-24
"I(gfquar(I(I(m(-0.59808267,1))+I(m(-1.51459421,I(x46)))+I(m(0.99725421,I(x57))))))",5.52272512870409e-34
"I(gfquar(I(I(m(-0.60947428,1))+I(m(0.36908682,I(x1)))+I(m(-0.40783282,I(x28)))+I(m(-1.33698492,I(x33))))))",5.71327036157993e-13
"I(gfquar(I(I(m(-0.63371574,1))+I(m(-1.46879319,I(x46)))+I(m(0.02141704,I(glquar(I(x12))))))))",1.0498898202672e-18
"I(gfquar(I(I(m(-0.64815254,1))+I(m(-1.50081821,I(x46)))+I(m(-0.41480623,I(I(x23)*I(x43)))))))",1.61670733639896e-12
"I(gfquar(I(I(m(-0.68297553,1))+I(m(-1.65285543,I(x44)))+I(m(0.38101303,I(glquar(I(I(m(-13.15922274,1))+I(m(-105.89585146,I(x41)))+I(m(1.25701011,I(I(gauss(I(x35)))*I(x54))))))))))))",3.65690162253511e-20
"I(gfquar(I(I(m(-0.94441201,1))+I(m(-1.70179521,I(glquar(I(x46)))))+I(m(2.48251922,I(glquar(I(x16))))))))",1.36614533397285e-21
"I(gfquar(I(I(m(-0.94842252,1))+I(m(-5.95258766,I(x29)))+I(m(2.73266936,I(sin(I(x16))))))))",9.55607228816367e-25
"I(gfquar(I(I(m(-0.95337162,1))+I(m(0.90806325,I(x21)))+I(m(-2.99778958,I(x42)))+I(m(-0.88508603,I(x45)))+I(m(0.01730391,I(I(x16)*I(x33)))))))",1.73966981808986e-37
"I(gfquar(I(I(m(-1.3036009,1))+I(m(-5.99293025,I(x29)))+I(m(-2.96724009,I(x42)))+I(m(4.95362088,I(x56))))))",3.18978774861379e-19
"I(gfquar(I(I(m(-13.10574054,1))+I(m(0.9092346,I(x16)))+I(m(-105.36323193,I(x41))))))",7.39197839433096e-39
"I(gfquar(I(I(m(-2.03132609,1))+I(m(-6.04623485,I(x25)))+I(m(-0.2009585,I(x49)))+I(m(-0.13812013,I(x50))))))",1.83934009707246e-14
"I(gfquar(I(I(m(-2.09041827,1))+I(m(-5.74154909,I(x25)))+I(m(-1.0006836,I(x35))))))",7.80509509982959e-17
"I(gfquar(I(I(m(-2.23850913,1))+I(m(-6.8973541,I(x26)))+I(m(-0.30688011,I(x43))))))",2.82114944199618e-17
"I(gfquar(I(I(m(-2.30442831,1))+I(m(-6.39887829,I(x25)))+I(m(-1.76085802,I(x46))))))",1.03255773216501e-17
"I(gfquar(I(I(m(-8.79598621,1))+I(m(2.4369023,I(x23)))+I(m(-54.02980489,I(x31)))+I(m(-1.3040701,I(x46))))))",1.98067686661545e-17
"I(gfquar(I(I(m(0.21710249,1))+I(m(5.37718747,I(tanh(I(x20)))))+I(m(0.22445874,I(I(tanh(I(x24)))*I(x29)))))))",1.23070445191228e-45
"I(gfquar(I(I(m(0.89938272,1))+I(m(-3.63470332,I(gauss(I(x53)))))+I(m(-7.16873871,I(atan(I(x26))))))))",3.44618514953228e-46
"I(gfquar(I(I(m(1.72145156,1))+I(m(-0.26085706,I(x47)))+I(m(-2.55822507,I(gauss(I(x16))))))))",1.40379435264311e-22
"I(gfquar(I(I(m(1.76461371,1))+I(m(-2.61017049,I(gauss(I(x16)))))+I(m(0.21966803,I(I(x9)*I(x52)))))))",4.31596253353774e-24
"I(gfquar(I(I(m(2.56193731,1))+I(m(-3.25979203,I(gauss(I(x56)))))+I(m(0.50821436,I(x11))))))",1.60970797138891e-12
"I(gfquar(I(I(x1)*I(x52))))",5.43659257445678e-20
"I(gfquar(I(I(x18)*I(x16))))",6.98041221318222e-19
"I(gfquar(I(I(x20)*I(x56))))",2.42261222316445e-24
"I(gfquar(I(I(x23)*I(x12))))",1.70219559544656e-10
"I(gfquar(I(I(x28)*I(x20))))",1.72576663111463e-18
"I(gfquar(I(I(x49)*I(x44))))",5.52272512870409e-34
"I(gfquar(I(I(x56)*I(x16))))",1.71200356396937e-14
"I(gfquar(I(I(x8)*I(I(glquar(I(x28)))*I(x48)))))",3.1133214861524e-17
"I(gfquar(I(sin(I(x36)))))",6.29025467224714e-29
"I(gfquar(I(tanh(I(I(m(0.00914084,1))+I(m(1.55939107,I(x52)))+I(m(4.37337354,I(x56))))))))",1.23070445202019e-45
"I(gfquar(I(x55)))",8.9518117320234e-18
"I(gfquar(I(x56)))",0.999340807688568
"I(gfquar(I(x57)))",6.01414183063264e-17
"I(glquar(I(atan(I(x25)))))",3.44230647966369e-15
"I(glquar(I(atan(I(x41)))))",6.72270834172267e-14
"I(glquar(I(atan(I(x52)))))",1.86109636365725e-13
"I(glquar(I(gauss(I(gauss(I(x20)))))))",1.27026456417204e-22
"I(glquar(I(gauss(I(x1)))))",6.65735268014789e-36
"I(glquar(I(gauss(I(x6)))))",3.84091026373933e-17
"I(glquar(I(gauss(I(x7)))))",7.81295669925837e-17
"I(glquar(I(I(gauss(I(x57)))*I(x53))))",4.80354861180417e-47
"I(glquar(I(I(I(x46)*I(x25))*I(x1))))",5.52212512580628e-15
"I(glquar(I(I(m(-0.08345622,1))+I(m(3.9704273,I(x20)))+I(m(0.07943697,I(x14)))+I(m(1.03858219,I(gmedi(I(gauss(I(x54))))))))))",5.00997394927351e-36
"I(glquar(I(I(m(-0.12131461,1))+I(m(1.55865391,I(x52)))+I(m(2.38584437,I(x53))))))",1.35951405825662e-16
"I(glquar(I(I(m(-0.348162,1))+I(m(1.76862387,I(x24)))+I(m(0.2867144,I(x3))))))",1.5147675306578e-26
"I(glquar(I(I(m(-0.35446531,1))+I(m(-0.41564222,I(x49)))+I(m(2.10788472,I(x52))))))",4.22903509804758e-27
"I(glquar(I(I(m(-0.366011,1))+I(m(0.5587304,I(x6)))+I(m(-0.44878404,I(x49)))+I(m(1.9794798,I(x52))))))",1.57280770529187e-21
"I(glquar(I(I(m(-0.44199974,1))+I(m(0.60475918,I(x11)))+I(m(-0.02028093,I(I(gauss(I(x14)))*I(I(x24)*I(x7))))))))",3.07685969030241e-38
"I(glquar(I(I(m(-0.46127578,1))+I(m(0.83431413,I(x16)))+I(m(-1.53845907,I(x44)))+I(m(1.62045888,I(x54))))))",4.50383226256655e-13
"I(glquar(I(I(m(-0.47951843,1))+I(m(2.04554156,I(x52)))+I(m(-1.10175483,I(x30))))))",1.76890152489314e-32
"I(glquar(I(I(m(-0.57694652,1))+I(m(0.82482334,I(x15)))+I(m(-1.4864037,I(x46))))))",2.14760152472805e-13
"I(glquar(I(I(m(-0.82531743,1))+I(m(-1.40282093,I(x33)))+I(m(1.52437928,I(sin(I(tanh(I(x5)))))))+I(m(0.30759659,I(I(x29)*I(sin(I(x42))))))+I(m(3.69116213,I(gmedi(I(sin(I(x7))))))))))",2.35336527628661e-38
"I(glquar(I(I(m(-0.84120903,1))+I(m(-3.17977503,I(x42)))+I(m(1.32808696,I(x54))))))",1.41874461488724e-26
"I(glquar(I(I(m(-0.92521334,1))+I(m(-3.48036312,I(x42)))+I(m(0.55090887,I(I(x1)*I(gauss(I(x7)))))))))",8.1545634306416e-21
"I(glquar(I(I(m(-0.97166151,1))+I(m(2.31248453,I(x23)))+I(m(-4.84475717,I(x35)))+I(m(5.69024509,I(I(x27)*I(x42)))))))",1.55825057647619e-18
"I(glquar(I(I(m(-1.49097733,1))+I(m(0.53625938,I(x54)))+I(m(1.89074765,I(gmedi(I(x55))))))))",5.33340000378181e-17
"I(glquar(I(I(m(-1.67373305,1))+I(m(0.91362662,I(x21)))+I(m(1.78687332,I(gauss(I(x12))))))))",1.11490305968896e-18
"I(glquar(I(I(m(-13.15922274,1))+I(m(-105.89585146,I(x41)))+I(m(1.25701011,I(I(gauss(I(x35)))*I(x54)))))))",0.999330545129216
"I(glquar(I(I(m(-2.04670148,1))+I(m(-6.12563922,I(x25)))+I(m(0.08779995,I(x14))))))",1.64486953382881e-18
"I(glquar(I(I(m(-2.22518973,1))+I(m(-7.07612852,I(x26)))+I(m(0.22806465,I(I(x27)*I(x57)))))))",7.7912507911901e-08
"I(glquar(I(I(m(-2.41002622,1))+I(m(-13.80194951,I(x27)))+I(m(2.40019726,I(tanh(I(I(m(-0.39916464,1))+I(m(2.11410012,I(x52)))+I(m(-0.76601446,I(x39)))))))))))",5.52272512870409e-34
"I(glquar(I(I(m(0.79502358,1))+I(m(2.44390143,I(x23)))+I(m(4.57238175,I(tanh(I(x7))))))))",1.60967057598215e-12
"I(glquar(I(I(m(2.82750814,1))+I(m(-1.5852421,I(gauss(I(x18)))))+I(m(-5.11509066,I(gauss(I(gauss(I(x34))))))))))",3.22512828140417e-15
"I(glquar(I(I(x16)*I(x12))))",5.50208076357193e-09
"I(glquar(I(I(x28)*I(x52))))",5.45435550537667e-14
"I(glquar(I(I(x30)*I(x36))))",1.34474204945486e-28
"I(glquar(I(I(x31)*I(x31))))",4.9247524557868e-25
"I(glquar(I(I(x37)*I(x57))))",1.27900437377796e-12
"I(glquar(I(I(x57)*I(x48))))",9.60467775354447e-24
"I(glquar(I(sin(I(I(m(-1.06732972,1))+I(m(2.35598124,I(x23)))+I(m(1.77063888,I(gmedi(I(x55))))))))))",2.94475042827207e-12
"I(glquar(I(sin(I(x45)))))",6.84171943813152e-16
"I(glquar(I(sin(I(x54)))))",9.59092093838619e-24
"I(glquar(I(sin(I(x56)))))",3.64014011871344e-19
"I(glquar(I(tanh(I(x42)))))",4.59089072071892e-24
"I(glquar(I(tanh(I(x52)))))",1.85313143476708e-19
"I(glquar(I(x1)))",7.83406146009407e-24
"I(glquar(I(x12)))",1.71476433862605e-33
"I(glquar(I(x15)))",4.84026949163521e-08
"I(glquar(I(x16)))",2.24785449481606e-05
"I(glquar(I(x19)))",7.09162904472253e-21
"I(glquar(I(x2)))",1.49232215527099e-06
"I(glquar(I(x21)))",2.32179584770233e-14
"I(glquar(I(x24)))",1.58059538500432e-08
"I(glquar(I(x25)))",1.34579078238417e-16
"I(glquar(I(x26)))",6.94102315913247e-19
"I(glquar(I(x27)))",1.35136411290381e-15
"I(glquar(I(x28)))",2.52488664856066e-13
"I(glquar(I(x31)))",1.1444188409836e-24
"I(glquar(I(x32)))",2.69239303769675e-18
"I(glquar(I(x33)))",6.94873797468171e-19
"I(glquar(I(x34)))",6.79689019564499e-09
"I(glquar(I(x35)))",7.01318922991168e-15
"I(glquar(I(x37)))",1.8376491993708e-14
"I(glquar(I(x38)))",3.265367125744e-16
"I(glquar(I(x41)))",1.96939485541984e-47
"I(glquar(I(x42)))",4.57891287954666e-17
"I(glquar(I(x44)))",7.59798684768704e-16
"I(glquar(I(x45)))",1.62543066930718e-21
"I(glquar(I(x46)))",2.31461481643378e-12
"I(glquar(I(x48)))",1.28339206436258e-23
"I(glquar(I(x5)))",7.81630231234518e-16
"I(glquar(I(x50)))",8.89540792393451e-29
"I(glquar(I(x52)))",1.01993659720659e-48
"I(glquar(I(x53)))",0.999353101440246
"I(glquar(I(x54)))",3.25237867495995e-11
"I(glquar(I(x55)))",1.6196779148961e-82
"I(glquar(I(x56)))",0.000635352495933418
"I(glquar(I(x57)))",5.92766718188893e-13
"I(glquar(I(x6)))",1.01993659720659e-48
"I(glquar(I(x8)))",1.83932386557405e-14
"I(glquar(I(x9)))",2.24778449724653e-05
"I(gmedi(I(atan(I(sin(I(I(gauss(I(I(m(-0.33669321,1))+I(m(-1.4359167,I(gmedi(I(x46)))))+I(m(-0.30030368,I(x50))))))*I(x31))))))))",1.74685543561494e-25
"I(gmedi(I(atan(I(x54)))))",4.77293732158389e-08
"I(gmedi(I(atan(I(x8)))))",1.01993659720659e-48
"I(gmedi(I(gauss(I(x54)))))",9.37045407623395e-21
"I(gmedi(I(I(glquar(I(x24)))*I(x49))))",3.26707959588589e-35
"I(gmedi(I(I(I(I(x29)*I(sin(I(x42))))*I(x41))*I(x38))))",6.67603758442481e-40
"I(gmedi(I(I(I(x18)*I(I(x46)*I(x29)))*I(x31))))",7.32636129496611e-17
"I(gmedi(I(I(m(-0.04196657,1))+I(m(4.9598856,I(x56)))+I(m(-0.63592703,I(atan(I(x49))))))))",1.06748913581851e-08
"I(gmedi(I(I(m(-0.16295679,1))+I(m(2.42668849,I(x53)))+I(m(-1.21116739,I(x34)))+I(m(1.55588005,I(atan(I(x5))))))))",5.33330518055193e-17
"I(gmedi(I(I(m(-0.26432211,1))+I(m(2.70740427,I(x53)))+I(m(-0.80610186,I(x37))))))",9.3704539281852e-21
"I(gmedi(I(I(m(-0.31947307,1))+I(m(0.38531306,I(x13)))+I(m(-1.5296427,I(gmedi(I(x46))))))))",3.49061467742066e-15
"I(gmedi(I(I(m(-0.32822079,1))+I(m(2.13223237,I(x52)))+I(m(-0.0584483,I(I(x6)*I(x14)))))))",2.74883623993579e-17
"I(gmedi(I(I(m(-0.33153334,1))+I(m(2.36271737,I(I(x46)*I(x25))))+I(m(-1.73772291,I(gmedi(I(x28)))))+I(m(0.2584902,I(I(x52)*I(x16)))))))",4.67417303355671e-11
"I(gmedi(I(I(m(-0.39179501,1))+I(m(0.86977146,I(x15)))+I(m(0.05521071,I(I(x5)*I(x46)))))))",5.197201089695e-34
"I(gmedi(I(I(m(-0.40781737,1))+I(m(0.56048825,I(I(x21)*I(gmedi(I(x46))))))+I(m(-1.09620496,I(atan(I(I(x53)*I(x7)))))))))",9.6142925145513e-18
"I(gmedi(I(I(m(-0.43574319,1))+I(m(0.67690859,I(x6)))+I(m(-0.0752727,I(I(x6)*I(x14)))))))",3.49458976588781e-15
"I(gmedi(I(I(m(-0.52170143,1))+I(m(-0.83237437,I(x45)))+I(m(0.41770791,I(I(I(x27)*I(x42))*I(I(x42)*I(atan(I(x42)))))))+I(m(0.13001521,I(x22))))))",2.16664411227189e-21
"I(gmedi(I(I(m(-0.52483844,1))+I(m(1.70439114,I(x24)))+I(m(-0.71595638,I(x45)))+I(m(-0.78798412,I(tanh(I(x36))))))))",3.29609294671866e-16
"I(gmedi(I(I(m(-0.57582108,1))+I(m(0.91236135,I(x21)))+I(m(-0.84800818,I(sin(I(I(m(-4.45775209,1))+I(m(-18.76425858,I(x27)))+I(m(0.16911299,I(atan(I(x12)))))))))))))",1.38474935902762e-21
"I(gmedi(I(I(m(-0.60534636,1))+I(m(1.39727661,I(x24)))+I(m(1.43917308,I(glquar(I(x9))))))))",1.01993659720659e-48
"I(gmedi(I(I(m(-0.6945127,1))+I(m(-0.31391667,I(I(x55)*I(x44))))+I(m(1.35276363,I(gmedi(I(x54))))))))",1.01993659720659e-48
"I(gmedi(I(I(m(-0.87083863,1))+I(m(0.86908395,I(x5)))+I(m(-3.14614616,I(x35))))))",7.91301727397007e-13
"I(gmedi(I(I(m(-0.93293768,1))+I(m(-3.09841064,I(x42)))+I(m(0.41463868,I(I(I(x1)*I(x1))*I(x23)))))))",3.12934255132112e-08
"I(gmedi(I(I(m(-1.1297921,1))+I(m(-6.60110142,I(x25)))+I(m(15.47077933,I(x55))))))",7.7912507911901e-08
"I(gmedi(I(I(m(-1.19471571,1))+I(m(2.95392952,I(glquar(I(I(m(-0.16047893,1))+I(m(-0.30155872,I(x47)))+I(m(2.73735953,I(x53))))))))+I(m(0.02463746,I(x14))))))",7.21666089475401e-13
"I(gmedi(I(I(m(-1.75558032,1))+I(m(-2.70085071,I(x32)))+I(m(2.30767666,I(gmedi(I(I(m(-0.17642448,1))+I(m(0.37725604,I(x9)))+I(m(2.21389018,I(x53)))+I(m(0.63014123,I(x17)))))))))))",1.98067686921434e-17
"I(gmedi(I(I(m(-10.01535309,1))+I(m(-54.97780216,I(x31)))+I(m(-1.28022219,I(x33)))+I(m(0.85826471,I(gauss(I(I(m(-0.47177616,1))+I(m(-0.29537259,I(x51)))+I(m(0.0972927,I(I(glquar(I(x45)))*I(I(x37)*I(x11)))))))))))))",2.66643675440677e-21
"I(gmedi(I(I(m(0.006334,1))+I(m(0.43517492,I(x6)))+I(m(3.43432218,I(x20)))+I(m(1.27450928,I(x24)))+I(m(-0.34468514,I(x36))))))",7.64188866904459e-14
"I(gmedi(I(I(m(0.03939565,1))+I(m(1.64888855,I(x52)))+I(m(-2.64559937,I(gmedi(I(x25)))))+I(m(1.61718414,I(I(glquar(I(x49)))*I(sin(I(x23)))))))))",9.61007700166078e-24
"I(gmedi(I(I(m(0.1097728,1))+I(m(4.48854712,I(x20)))+I(m(-0.09426683,I(I(atan(I(x52)))*I(x42))))+I(m(0.26452076,I(tanh(I(x12))))))))",4.11215493014051e-24
"I(gmedi(I(I(m(0.49459459,1))+I(m(14.34133244,I(x55)))+I(m(-0.97246048,I(I(I(I(x46)*I(x31))*I(x52))*I(x44)))))))",6.15309060773318e-17
"I(gmedi(I(I(x12)*I(x26))))",1.83934830582355e-14
"I(gmedi(I(I(x18)*I(I(x46)*I(x29)))))",3.05311795675482e-16
"I(gmedi(I(I(x21)*I(x25))))",2.53526466075865e-18
"I(gmedi(I(I(x24)*I(x18))))",5.03384188117008e-16
"I(gmedi(I(I(x24)*I(x7))))",1.45275495009971e-25
"I(gmedi(I(I(x28)*I(x28))))",2.68759610496168e-10
"I(gmedi(I(I(x29)*I(x36))))",4.33841224940065e-08
"I(gmedi(I(I(x42)*I(x6))))",3.27273273983318e-16
"I(gmedi(I(I(x43)*I(x24))))",3.17280868220039e-41
"I(gmedi(I(I(x52)*I(x27))))",9.65860951413422e-08
"I(gmedi(I(I(x52)*I(x40))))",1.11536583519732e-24
"I(gmedi(I(I(x55)*I(x55))))",2.32179522012368e-14
"I(gmedi(I(I(x57)*I(x15))))",1.23659376076744e-06
"I(gmedi(I(sin(I(tanh(I(x7)))))))",4.09778817621243e-09
"I(gmedi(I(sin(I(x28)))))",6.50964167479449e-11
"I(gmedi(I(sin(I(x53)))))",1.24268252348336e-06
"I(gmedi(I(sin(I(x7)))))",5.23891664339447e-18
"I(gmedi(I(tanh(I(gauss(I(x55)))))))",2.98860138010626e-20
"I(gmedi(I(tanh(I(x22)))))",4.84081221070435e-16
"I(gmedi(I(tanh(I(x36)))))",1.23070445202146e-45
"I(gmedi(I(tanh(I(x49)))))",4.38516287552016e-18
"I(gmedi(I(x10)))",5.33339722280007e-17
"I(gmedi(I(x11)))",1.37474697747302e-17
"I(gmedi(I(x12)))",3.24300264695008e-11
"I(gmedi(I(x14)))",9.74728283248843e-32
"I(gmedi(I(x15)))",2.32179523483376e-14
"I(gmedi(I(x16)))",1.14610354459403e-06
"I(gmedi(I(x18)))",2.21816224661965e-18
"I(gmedi(I(x2)))",9.70762813730565e-17
"I(gmedi(I(x20)))",4.32480816806136e-08
"I(gmedi(I(x21)))",6.12144747498875e-17
"I(gmedi(I(x22)))",2.41335121727269e-27
"I(gmedi(I(x23)))",4.80179511984426e-19
"I(gmedi(I(x24)))",1.01957372126588e-12
"I(gmedi(I(x25)))",4.33334349083343e-08
"I(gmedi(I(x26)))",2.2512624985908e-05
"I(gmedi(I(x28)))",1.24268275846225e-06
"I(gmedi(I(x30)))",1.26907714390927e-29
"I(gmedi(I(x31)))",1.65258920851129e-07
"I(gmedi(I(x33)))",7.79033982543734e-16
"I(gmedi(I(x35)))",2.29063989734879e-13
"I(gmedi(I(x36)))",5.23891664339447e-18
"I(gmedi(I(x37)))",1.61317922096233e-12
"I(gmedi(I(x38)))",1.45710505535823e-14
"I(gmedi(I(x40)))",8.07110476990073e-06
"I(gmedi(I(x41)))",1.45117492267377e-21
"I(gmedi(I(x42)))",8.83705764206347e-24
"I(gmedi(I(x44)))",2.18190198233783e-27
"I(gmedi(I(x45)))",2.08470648000079e-19
"I(gmedi(I(x46)))",2.25167628539762e-05
"I(gmedi(I(x47)))",7.06892329906528e-15
"I(gmedi(I(x48)))",5.45435550519303e-14
"I(gmedi(I(x49)))",2.24660524141251e-05
"I(gmedi(I(x5)))",1.60972725833639e-12
"I(gmedi(I(x52)))",6.81031426035883e-15
"I(gmedi(I(x53)))",6.53168585340978e-11
"I(gmedi(I(x54)))",1.82412877302132e-32
"I(gmedi(I(x55)))",2.37210921640915e-05
"I(gmedi(I(x56)))",2.2920460363939e-13
"I(gmedi(I(x57)))",5.0854551925782e-17
"I(gmedi(I(x6)))",3.16959584284186e-11
"I(gmedi(I(x7)))",0.000635430601658142
"I(gmedi(I(x8)))",5.43498977923244e-20
"I(gmedi(I(x9)))",5.44256394517448e-20
"I(I(atan(I(atan(I(x16)))))*I(x34))",7.92198615122305e-13
"I(I(atan(I(I(m(-0.43475882,1))+I(m(0.85969248,I(x16)))+I(m(0.10433081,I(x14)))+I(m(0.00536334,I(I(x5)*I(x5)))))))*I(x27))",1.46466329915739e-17
"I(I(atan(I(I(m(-2.02932313,1))+I(m(-6.10614982,I(x25)))+I(m(0.03426962,I(x28))))))*I(gauss(I(I(m(-0.4469246,1))+I(m(0.83336794,I(x5)))+I(m(0.15911351,I(I(x3)*I(x21))))))))",1.97760888996651e-17
"I(I(atan(I(I(m(-8.53962713,1))+I(m(-52.81334573,I(x31)))+I(m(2.66720595,I(x53))))))*I(x39))",6.08434065467711e-21
"I(I(atan(I(I(m(0.39422099,1))+I(m(-0.66275498,I(x45)))+I(m(13.94107552,I(x55))))))*I(x52))",3.25237404371578e-11
"I(I(atan(I(I(x1)*I(x52))))*I(I(x11)*I(I(x50)*I(tanh(I(I(m(-2.07246847,1))+I(m(-5.95341493,I(x25)))+I(m(-1.10145891,I(x48)))))))))",1.63101572223558e-31
"I(I(atan(I(I(x48)*I(atan(I(x24))))))*I(x44))",1.35910025131308e-12
"I(I(atan(I(x14)))*I(I(x48)*I(x26)))",3.01658464155792e-17
"I(I(atan(I(x15)))*I(glquar(I(x53))))",4.63292466047104e-26
"I(I(atan(I(x25)))*I(x35))",1.01456479474779e-11
"I(I(atan(I(x25)))*I(x54))",7.33825820291209e-28
"I(I(atan(I(x26)))*I(x8))",6.89807586685502e-15
"I(I(atan(I(x41)))*I(x20))",2.42368585566559e-17
"I(I(atan(I(x43)))*I(atan(I(x42))))",2.35336527628661e-38
"I(I(atan(I(x43)))*I(x5))",1.42595208800617e-11
"I(I(atan(I(x46)))*I(I(x21)*I(x24)))",4.20170256244014e-19
"I(I(atan(I(x52)))*I(x42))",1.61670733208949e-12
"I(I(atan(I(x53)))*I(x49))",1.13163596513828e-18
"I(I(atan(I(x55)))*I(atan(I(I(m(0.39422099,1))+I(m(-0.66275498,I(x45)))+I(m(13.94107552,I(x55)))))))",3.25185206440724e-11
"I(I(atan(I(x7)))*I(x41))",2.47024303041342e-15
"I(I(atan(I(x9)))*I(gmedi(I(I(m(-0.52170143,1))+I(m(-0.83237437,I(x45)))+I(m(0.41770791,I(I(I(x27)*I(x42))*I(I(x42)*I(atan(I(x42)))))))+I(m(0.13001521,I(x22)))))))",7.22317026184255e-22
"I(I(gauss(I(I(m(-0.2695316,1))+I(m(-1.46346207,I(x48)))+I(m(2.71613686,I(x53))))))*I(sin(I(x3))))",4.00097201205866e-27
"I(I(gauss(I(I(m(-0.3233305,1))+I(m(0.40101812,I(x10)))+I(m(-1.46785736,I(gmedi(I(x46))))))))*I(I(x2)*I(x51)))",1.06288032238319e-11
"I(I(gauss(I(I(m(-0.3233305,1))+I(m(0.40101812,I(x10)))+I(m(-1.46785736,I(gmedi(I(x46))))))))*I(x16))",4.51711830968066e-10
"I(I(gauss(I(I(m(-0.3233305,1))+I(m(0.40101812,I(x10)))+I(m(-1.46785736,I(gmedi(I(x46))))))))*I(x36))",2.09261031086581e-09
"I(I(gauss(I(I(m(-0.3233305,1))+I(m(0.40101812,I(x10)))+I(m(-1.46785736,I(gmedi(I(x46))))))))*I(x52))",1.09744289902423e-08
"I(I(gauss(I(I(m(-0.33669321,1))+I(m(-1.4359167,I(gmedi(I(x46)))))+I(m(-0.30030368,I(x50))))))*I(x31))",0.000635352689191813
"I(I(gauss(I(I(m(-2.23445278,1))+I(m(-7.0087352,I(x26)))+I(m(0.05455512,I(x14))))))*I(I(sin(I(x12)))*I(x12)))",3.72858716711474e-20
"I(I(gauss(I(tanh(I(x12)))))*I(sin(I(x28))))",1.20261650221347e-21
"I(I(gauss(I(x14)))*I(I(x24)*I(x7)))",5.52272512870409e-34
"I(I(gauss(I(x14)))*I(x31))",1.0107695927361e-31
"I(I(gauss(I(x15)))*I(I(x45)*I(x35)))",9.18116745761151e-13
"I(I(gauss(I(x2)))*I(x54))",5.99351615345206e-28
"I(I(gauss(I(x25)))*I(x20))",0.968028025541765
"I(I(gauss(I(x33)))*I(x48))",1.94627879438104e-47
"I(I(gauss(I(x36)))*I(x38))",6.37909655048505e-13
"I(I(gauss(I(x42)))*I(gmedi(I(x55))))",1.58058893086328e-08
"I(I(gauss(I(x45)))*I(gfquar(I(I(m(-0.53353179,1))+I(m(-0.57365807,I(x45)))+I(m(3.28311296,I(gmedi(I(x24)))))+I(m(1.25335081,I(sin(I(I(m(0.33362586,1))+I(m(-1.26499586,I(x33)))+I(m(14.01388023,I(x55))))))))+I(m(-1.53382432,I(atan(I(x51)))))))))",2.35336527628661e-38
"I(I(gauss(I(x45)))*I(x24))",1.59075148588573e-15
"I(I(gauss(I(x45)))*I(x33))",1.57994917719633e-08
"I(I(gauss(I(x45)))*I(x57))",5.23891664339447e-18
"I(I(gauss(I(x46)))*I(x23))",1.01993659720659e-48
"I(I(gauss(I(x47)))*I(x33))",1.83746104302019e-14
"I(I(gauss(I(x55)))*I(x48))",9.19026450470141e-15
"I(I(gauss(I(x56)))*I(x36))",4.51479025673846e-17
"I(I(gauss(I(x57)))*I(glquar(I(x26))))",2.59802921431808e-39
"I(I(gauss(I(x57)))*I(x53))",1.23070445202146e-45
"I(I(gauss(I(x6)))*I(tanh(I(x49))))",3.99633346179614e-17
"I(I(gfquar(I(I(m(-0.59808267,1))+I(m(-1.51459421,I(x46)))+I(m(0.99725421,I(x57))))))*I(x51))",8.25272856867184e-38
"I(I(gfquar(I(I(m(-0.60947428,1))+I(m(0.36908682,I(x1)))+I(m(-0.40783282,I(x28)))+I(m(-1.33698492,I(x33))))))*I(x17))",1.23070445202119e-45
"I(I(gfquar(I(I(m(-0.64815254,1))+I(m(-1.50081821,I(x46)))+I(m(-0.41480623,I(I(x23)*I(x43)))))))*I(gauss(I(x56))))",1.16799007000583e-23
"I(I(gfquar(I(x55)))*I(x52))",5.71327036157993e-13
"I(I(glquar(I(I(m(-0.08345622,1))+I(m(3.9704273,I(x20)))+I(m(0.07943697,I(x14)))+I(m(1.03858219,I(gmedi(I(gauss(I(x54))))))))))*I(x53))",4.13137878392166e-38
"I(I(glquar(I(I(m(-0.348162,1))+I(m(1.76862387,I(x24)))+I(m(0.2867144,I(x3))))))*I(I(x24)*I(x42)))",4.80450111829666e-22
"I(I(glquar(I(I(m(-0.366011,1))+I(m(0.5587304,I(x6)))+I(m(-0.44878404,I(x49)))+I(m(1.9794798,I(x52))))))*I(gmedi(I(x25))))",6.63126275706619e-28
"I(I(glquar(I(I(m(-0.47212714,1))+I(m(2.48728364,I(x23)))+I(m(-2.87868655,I(x42))))))*I(glquar(I(I(m(-2.04670148,1))+I(m(-6.12563922,I(x25)))+I(m(0.08779995,I(x14)))))))",1.83719216199128e-34
"I(I(glquar(I(I(m(-2.04670148,1))+I(m(-6.12563922,I(x25)))+I(m(0.08779995,I(x14))))))*I(I(x21)*I(x1)))",7.72818746965609e-56
"I(I(glquar(I(sin(I(I(m(-1.06732972,1))+I(m(2.35598124,I(x23)))+I(m(1.77063888,I(gmedi(I(x55))))))))))*I(x48))",1.54641829526298e-13
"I(I(glquar(I(x16)))*I(gmedi(I(x55))))",2.2473000976923e-05
"I(I(glquar(I(x21)))*I(x21))",3.46216284113172e-15
"I(I(glquar(I(x24)))*I(x26))",1.52991697916152e-19
"I(I(glquar(I(x24)))*I(x49))",5.52272512870409e-34
"I(I(glquar(I(x25)))*I(tanh(I(x50))))",1.66126654269551e-34
"I(I(glquar(I(x28)))*I(gauss(I(x51))))",2.84971539830534e-26
"I(I(glquar(I(x28)))*I(x20))",1.92580672408883e-26
"I(I(glquar(I(x28)))*I(x48))",2.68609406493395e-19
"I(I(glquar(I(x38)))*I(x42))",1.43140283089572e-16
"I(I(glquar(I(x42)))*I(x26))",2.40545421336252e-27
"I(I(glquar(I(x45)))*I(I(x37)*I(x11)))",5.03919192272458e-17
"I(I(glquar(I(x46)))*I(x17))",1.23070445200238e-45
"I(I(glquar(I(x46)))*I(x35))",1.75318161022e-22
"I(I(glquar(I(x46)))*I(x42))",2.65446359002684e-24
"I(I(glquar(I(x53)))*I(I(x30)*I(x36)))",1.46683624074645e-40
"I(I(glquar(I(x57)))*I(x41))",7.82272040961396e-38
"I(I(gmedi(I(I(m(-0.87083863,1))+I(m(0.86908395,I(x5)))+I(m(-3.14614616,I(x35))))))*I(I(x25)*I(gauss(I(x55)))))",2.71806595345778e-15
"I(I(gmedi(I(I(x12)*I(x26))))*I(I(sin(I(x7)))*I(x7)))",4.95765719609695e-20
"I(I(gmedi(I(I(x57)*I(x15))))*I(x27))",8.05328871110523e-18
"I(I(gmedi(I(x11)))*I(gauss(I(x26))))",6.43692788715244e-20
"I(I(gmedi(I(x14)))*I(x12))",1.34984430965445e-34
"I(I(gmedi(I(x28)))*I(x25))",1.61471712433486e-13
"I(I(gmedi(I(x28)))*I(x5))",1.36530808926608e-27
"I(I(gmedi(I(x35)))*I(x40))",9.59092093761233e-24
"I(I(gmedi(I(x37)))*I(x45))",4.51509344527327e-23
"I(I(gmedi(I(x5)))*I(x4))",1.73655385320606e-18
"I(I(gmedi(I(x55)))*I(I(x16)*I(tanh(I(I(m(-0.86799844,1))+I(m(2.21152636,I(x7)))+I(m(2.85216595,I(glquar(I(x53))))))))))",5.18669585400914e-17
"I(I(gmedi(I(x57)))*I(x53))",4.82602422408136e-22
"I(I(I(atan(I(atan(I(x16)))))*I(x34))*I(x52))",4.96430337317588e-13
"I(I(I(atan(I(I(m(-2.02932313,1))+I(m(-6.10614982,I(x25)))+I(m(0.03426962,I(x28))))))*I(gauss(I(I(m(-0.4469246,1))+I(m(0.83336794,I(x5)))+I(m(0.15911351,I(I(x3)*I(x21))))))))*I(x4))",2.72894640310942e-23
"I(I(I(atan(I(x55)))*I(atan(I(I(m(0.39422099,1))+I(m(-0.66275498,I(x45)))+I(m(13.94107552,I(x55)))))))*I(tanh(I(I(sin(I(x7)))*I(x6)))))",7.96707553570659e-17
"I(I(I(gauss(I(x26)))*I(gmedi(I(x21))))*I(x56))",1.08404222256081e-19
"I(I(I(gauss(I(x42)))*I(gmedi(I(x55))))*I(x30))",7.94893416588614e-22
"I(I(I(gauss(I(x45)))*I(x33))*I(I(x37)*I(x11)))",8.1209257701957e-17
"I(I(I(gauss(I(x45)))*I(x33))*I(sin(I(x7))))",5.39998465067151e-18
"I(I(I(gauss(I(x45)))*I(x57))*I(x46))",2.35336527628661e-38
"I(I(I(gauss(I(x47)))*I(x33))*I(x25))",1.60766607339847e-16
"I(I(I(glquar(I(x16)))*I(gmedi(I(x55))))*I(tanh(I(I(x28)*I(x52)))))",4.00189712065128e-10
"I(I(I(glquar(I(x28)))*I(x48))*I(x42))",3.97235276899051e-17
"I(I(I(gmedi(I(x37)))*I(x45))*I(x38))",2.35931702692411e-19
"I(I(I(I(I(x55)*I(x52))*I(gauss(I(x56))))*I(I(x44)*I(x51)))*I(glquar(I(x42))))",2.24831767525872e-16
"I(I(I(I(x16)*I(x33))*I(I(x29)*I(x43)))*I(x27))",1.32551266308501e-24
"I(I(I(I(x29)*I(sin(I(x42))))*I(x41))*I(x38))",1.17803747883263e-56
"I(I(I(I(x49)*I(x23))*I(x49))*I(gmedi(I(x28))))",1.74002135260745e-37
"I(I(I(I(x55)*I(x52))*I(gauss(I(x56))))*I(I(x44)*I(x51)))",3.01123701828963e-25
"I(I(I(I(x8)*I(x52))*I(x27))*I(x21))",1.13767705195413e-15
"I(I(I(sin(I(I(x35)*I(x25))))*I(x5))*I(x24))",2.24808661802019e-25
"I(I(I(sin(I(x35)))*I(sin(I(sin(I(x35))))))*I(I(x22)*I(x56)))",7.88648493263121e-51
"I(I(I(tanh(I(I(m(-0.32685979,1))+I(m(0.71198279,I(x5)))+I(m(1.95312881,I(x52))))))*I(gauss(I(x41))))*I(x49))",8.0524635717187e-17
"I(I(I(tanh(I(x24)))*I(I(x42)*I(atan(I(x42)))))*I(gmedi(I(I(m(-0.52170143,1))+I(m(-0.83237437,I(x45)))+I(m(0.41770791,I(I(I(x27)*I(x42))*I(I(x42)*I(atan(I(x42)))))))+I(m(0.13001521,I(x22)))))))",9.97850575892486e-24
"I(I(I(x1)*I(x1))*I(x23))",2.35400784481474e-06
"I(I(I(x1)*I(x43))*I(x35))",7.60082736791524e-23
"I(I(I(x1)*I(x52))*I(x28))",3.11743827721961e-25
"I(I(I(x1)*I(x57))*I(x42))",2.2116446256578e-14
"I(I(I(x10)*I(x7))*I(gmedi(I(x10))))",2.1713869177509e-19
"I(I(I(x12)*I(x33))*I(tanh(I(I(x7)*I(gauss(I(x42)))))))",1.28148254314593e-22
"I(I(I(x12)*I(x40))*I(x53))",9.23948277762601e-28
"I(I(I(x15)*I(tanh(I(I(m(-0.41843089,1))+I(m(-0.35107992,I(x49)))+I(m(1.80219391,I(I(gfquar(I(I(m(-0.60947428,1))+I(m(0.36908682,I(x1)))+I(m(-0.40783282,I(x28)))+I(m(-1.33698492,I(x33))))))*I(x17))))))))*I(x50))",1.23070250200523e-45
"I(I(I(x15)*I(x16))*I(x25))",1.06357673781684e-25
"I(I(I(x16)*I(gmedi(I(x25))))*I(glquar(I(I(m(-2.05294521,1))+I(m(1.04953381,I(x15)))+I(m(-6.44069877,I(x25)))))))",3.88444998915543e-30
"I(I(I(x16)*I(x12))*I(x33))",3.26707959588589e-35
"I(I(I(x16)*I(x33))*I(I(x29)*I(x43)))",8.1365700669526e-44
"I(I(I(x18)*I(I(x46)*I(x29)))*I(x31))",1.41576300249832e-23
"I(I(I(x2)*I(x18))*I(x24))",1.70861746875226e-11
"I(I(I(x20)*I(glquar(I(x50))))*I(gauss(I(x53))))",8.67467533435378e-48
"I(I(I(x20)*I(x19))*I(glquar(I(I(m(-1.49097733,1))+I(m(0.53625938,I(x54)))+I(m(1.89074765,I(gmedi(I(x55)))))))))",4.5673749660662e-25
"I(I(I(x21)*I(gauss(I(x54))))*I(I(sin(I(x12)))*I(x10)))",7.33825820288838e-28
"I(I(I(x21)*I(sin(I(I(x48)*I(x28)))))*I(I(x49)*I(x45)))",1.08471540332072e-25
"I(I(I(x21)*I(x52))*I(sin(I(x47))))",6.9150366729563e-27
"I(I(I(x23)*I(x6))*I(tanh(I(x49))))",1.55839892303618e-22
"I(I(I(x24)*I(atan(I(x49))))*I(x44))",8.91905016083324e-09
"I(I(I(x24)*I(x13))*I(gmedi(I(x16))))",2.66515771510984e-27
"I(I(I(x24)*I(x13))*I(I(x50)*I(tanh(I(I(m(-2.07246847,1))+I(m(-5.95341493,I(x25)))+I(m(-1.10145891,I(x48))))))))",7.14750755824055e-30
"I(I(I(x24)*I(x5))*I(gauss(I(x19))))",1.28598933806575e-28
"I(I(I(x24)*I(x5))*I(I(x25)*I(x46)))",2.18974608782148e-09
"I(I(I(x25)*I(x26))*I(x4))",2.87780600539626e-11
"I(I(I(x25)*I(x27))*I(x7))",8.26723589624912e-20
"I(I(I(x26)*I(x15))*I(I(x24)*I(x54)))",1.7701062704906e-21
"I(I(I(x27)*I(glquar(I(x12))))*I(x15))",1.85397835334937e-34
"I(I(I(x27)*I(x52))*I(atan(I(I(m(-1.81694741,1))+I(m(0.51936324,I(x6)))+I(m(0.01207679,I(x12)))+I(m(-5.78486035,I(x26)))+I(m(1.68462813,I(x52)))))))",1.62675109272256e-16
"I(I(I(x27)*I(x52))*I(x38))",2.47754896102422e-15
"I(I(I(x27)*I(x54))*I(x1))",2.12470739719846e-40
"I(I(I(x27)*I(x7))*I(tanh(I(x6))))",3.00613276733861e-33
"I(I(I(x29)*I(sin(I(x42))))*I(x41))",2.35336527628661e-38
"I(I(I(x3)*I(glquar(I(x28))))*I(I(x40)*I(x33)))",2.68122920052369e-32
"I(I(I(x32)*I(x31))*I(I(x1)*I(x20)))",3.75108320069961e-20
"I(I(I(x35)*I(x48))*I(x3))",8.47325687651208e-16
"I(I(I(x36)*I(x4))*I(x17))",1.79108001530899e-11
"I(I(I(x39)*I(x52))*I(tanh(I(x5))))",4.05103973793329e-09
"I(I(I(x40)*I(I(x52)*I(gmedi(I(x10)))))*I(tanh(I(x36))))",1.1806039504439e-20
"I(I(I(x41)*I(x39))*I(x21))",4.22655124065063e-21
"I(I(I(x41)*I(x39))*I(x56))",7.27352687811423e-19
"I(I(I(x41)*I(x45))*I(tanh(I(x20))))",1.94626533577439e-47
"I(I(I(x41)*I(x45))*I(x4))",1.46567377761353e-26
"I(I(I(x46)*I(x21))*I(gfquar(I(gauss(I(I(m(0.23523702,1))+I(m(5.55550599,I(x56)))+I(m(-0.73630397,I(glquar(I(I(m(-13.15922274,1))+I(m(-105.89585146,I(x41)))+I(m(1.25701011,I(I(gauss(I(x35)))*I(x54)))))))))))))))",3.52597927095939e-17
"I(I(I(x46)*I(x25))*I(x1))",4.66084652817758e-08
"I(I(I(x46)*I(x29))*I(atan(I(I(m(-0.17044857,1))+I(m(-2.06268377,I(x48)))+I(m(4.97462337,I(x56)))))))",5.76054561769734e-17
"I(I(I(x47)*I(tanh(I(tanh(I(x52))))))*I(x20))",2.12462580244812e-16
"I(I(I(x48)*I(x19))*I(sin(I(x49))))",8.19974673974628e-37
"I(I(I(x49)*I(x23))*I(x49))",1.0498898202672e-18
"I(I(I(x49)*I(x31))*I(x40))",1.03285106350856e-26
"I(I(I(x5)*I(tanh(I(x34))))*I(tanh(I(x34))))",1.30326911369837e-26
"I(I(I(x5)*I(x42))*I(x55))",1.78586935354048e-37
"I(I(I(x50)*I(x14))*I(I(x48)*I(x26)))",1.22165199857826e-20
"I(I(I(x52)*I(x31))*I(I(x52)*I(x31)))",1.83931663180336e-14
"I(I(I(x52)*I(x31))*I(x55))",1.83935025090676e-14
"I(I(I(x53)*I(I(x14)*I(x23)))*I(x36))",3.05808724050617e-14
"I(I(I(x53)*I(x5))*I(tanh(I(x7))))",1.36553809553097e-20
"I(I(I(x53)*I(x7))*I(atan(I(I(x24)*I(x27)))))",8.78020855221685e-15
"I(I(I(x53)*I(x7))*I(x54))",3.10201902919015e-17
"I(I(I(x54)*I(x27))*I(I(x2)*I(x18)))",3.1120721038877e-16
"I(I(I(x55)*I(x52))*I(gauss(I(x56))))",0.0006337046649335
"I(I(I(x56)*I(x16))*I(x38))",4.41929953196291e-16
"I(I(I(x56)*I(x29))*I(x5))",1.76890152489314e-32
"I(I(I(x57)*I(x55))*I(x16))",9.73086315687655e-30
"I(I(I(x8)*I(x52))*I(x27))",4.91536974531073e-15
"I(I(sin(I(I(m(-1.89223759,1))+I(m(1.33977777,I(gauss(I(x36)))))+I(m(-2.58148489,I(tanh(I(x44))))))))*I(x25))",6.6140639154894e-37
"I(I(sin(I(I(x35)*I(x25))))*I(x5))",2.79797449541419e-23
"I(I(sin(I(I(x48)*I(x44))))*I(x26))",2.79543562089305e-23
"I(I(sin(I(sin(I(x35)))))*I(gauss(I(x8))))",5.05993698044244e-35
"I(I(sin(I(x12)))*I(x10))",6.23700183517828e-45
"I(I(sin(I(x12)))*I(x12))",3.93428743915867e-20
"I(I(sin(I(x15)))*I(x4))",1.01993659720659e-48
"I(I(sin(I(x19)))*I(gmedi(I(x18))))",2.94510390922905e-27
"I(I(sin(I(x20)))*I(x23))",3.07127156945242e-20
"I(I(sin(I(x29)))*I(x15))",8.21958765675177e-22
"I(I(sin(I(x35)))*I(sin(I(sin(I(x35))))))",1.83718385454382e-34
"I(I(sin(I(x36)))*I(x19))",1.17686657974987e-21
"I(I(sin(I(x41)))*I(x6))",2.25216449204286e-22
"I(I(sin(I(x46)))*I(gmedi(I(I(m(-0.52170143,1))+I(m(-0.83237437,I(x45)))+I(m(0.41770791,I(I(I(x27)*I(x42))*I(I(x42)*I(atan(I(x42)))))))+I(m(0.13001521,I(x22)))))))",4.94661436861208e-33
"I(I(sin(I(x46)))*I(x29))",2.68749133615312e-19
"I(I(sin(I(x53)))*I(x53))",4.90914948345318e-13
"I(I(sin(I(x7)))*I(x6))",2.07668799471198e-13
"I(I(sin(I(x7)))*I(x7))",1.83929533885071e-14
"I(I(tanh(I(gauss(I(x55)))))*I(x2))",1.97187388198413e-23
"I(I(tanh(I(gauss(I(x55)))))*I(x23))",3.07127151301747e-20
"I(I(tanh(I(I(m(-0.32685979,1))+I(m(0.71198279,I(x5)))+I(m(1.95312881,I(x52))))))*I(gauss(I(x41))))",1.58059551838848e-08
"I(I(tanh(I(I(m(-0.55434184,1))+I(m(1.22125497,I(x54)))+I(m(2.20692508,I(gmedi(I(x15))))))))*I(gmedi(I(I(m(-0.32822079,1))+I(m(2.13223237,I(x52)))+I(m(-0.0584483,I(I(x6)*I(x14))))))))",1.63573952520804e-19
"I(I(tanh(I(I(m(-0.86799844,1))+I(m(2.21152636,I(x7)))+I(m(2.85216595,I(glquar(I(x53))))))))*I(x39))",3.9937840603807e-16
"I(I(tanh(I(I(m(-1.23968611,1))+I(m(-7.10199802,I(x26)))+I(m(14.95593024,I(x55))))))*I(gmedi(I(x16))))",7.1645615494845e-23
"I(I(tanh(I(I(m(0.64995644,1))+I(m(-6.37643446,I(x25)))+I(m(-3.0204069,I(gauss(I(x56))))))))*I(x56))",6.55483884060965e-16
"I(I(tanh(I(I(m(2.0274082,1))+I(m(1.29388709,I(x24)))+I(m(-1.4836509,I(gauss(I(x54)))))+I(m(2.47803409,I(tanh(I(I(m(-0.45516243,1))+I(m(-1.22673564,I(x46)))+I(m(2.18218275,I(x52)))))))))))*I(x18))",1.89366981477989e-45
"I(I(tanh(I(I(x46)*I(x55))))*I(atan(I(x46))))",1.23967124005021e-22
"I(I(tanh(I(I(x7)*I(gauss(I(x42))))))*I(x49))",2.25961320419865e-22
"I(I(tanh(I(x1)))*I(x5))",9.80719265736978e-32
"I(I(tanh(I(x14)))*I(gauss(I(I(m(0.49593973,1))+I(m(-0.55281396,I(x55)))+I(m(15.01962275,I(atan(I(x55)))))))))",6.35367513280097e-17
"I(I(tanh(I(x15)))*I(x33))",6.24063521122366e-16
"I(I(tanh(I(x16)))*I(tanh(I(x23))))",6.8361304901229e-20
"I(I(tanh(I(x23)))*I(x21))",5.33340272030443e-17
"I(I(tanh(I(x24)))*I(I(x42)*I(atan(I(x42)))))",6.28738555911561e-17
"I(I(tanh(I(x24)))*I(x29))",1.23070216045142e-45
"I(I(tanh(I(x24)))*I(x56))",1.23070431551011e-45
"I(I(tanh(I(x25)))*I(I(x54)*I(x27)))",7.1170352705655e-12
"I(I(tanh(I(x27)))*I(x12))",1.14610930962108e-27
"I(I(tanh(I(x28)))*I(x14))",1.96207471891303e-25
"I(I(tanh(I(x34)))*I(x45))",1.23462443498042e-26
"I(I(tanh(I(x36)))*I(I(x15)*I(x20)))",4.30692435637228e-19
"I(I(tanh(I(x52)))*I(x53))",1.43375931391011e-45
"I(I(tanh(I(x52)))*I(x57))",5.10161473681767e-14
"I(I(tanh(I(x7)))*I(gauss(I(x16))))",1.03771600344256e-32
"I(I(tanh(I(x7)))*I(x30))",1.72091062671925e-05
"I(I(tanh(I(x7)))*I(x41))",3.29618304599015e-16
"I(I(x1)*I(atan(I(x42))))",1.17198513156597e-21
"I(I(x1)*I(atan(I(x5))))",2.1422905888287e-19
"I(I(x1)*I(gauss(I(x7))))",7.79616959072904e-17
"I(I(x1)*I(tanh(I(x7))))",2.6742519666599e-25
"I(I(x1)*I(x1))",5.35948897477912e-06
"I(I(x1)*I(x20))",2.94739718699734e-17
"I(I(x1)*I(x22))",1.94626514324566e-47
"I(I(x1)*I(x5))",1.26959555757826e-29
"I(I(x1)*I(x52))",5.42891096126788e-20
"I(I(x1)*I(x57))",4.33854913123724e-08
"I(I(x1)*I(x7))",1.20815880348159e-45
"I(I(x10)*I(I(atan(I(x55)))*I(atan(I(I(m(0.39422099,1))+I(m(-0.66275498,I(x45)))+I(m(13.94107552,I(x55))))))))",8.5005401570271e-16
"I(I(x10)*I(sin(I(I(m(-9.06328262,1))+I(m(-55.113661,I(x31)))+I(m(-0.11659609,I(x38)))+I(m(-1.49983216,I(glquar(I(x46)))))))))",4.51000820710785e-31
"I(I(x10)*I(x40))",8.90750350047377e-09
"I(I(x10)*I(x7))",5.32736281432183e-17
"I(I(x11)*I(gauss(I(x1))))",1.28824789361929e-18
"I(I(x11)*I(I(x44)*I(x41)))",9.23059620916425e-32
"I(I(x11)*I(I(x50)*I(tanh(I(I(m(-2.07246847,1))+I(m(-5.95341493,I(x25)))+I(m(-1.10145891,I(x48))))))))",2.90843503574652e-20
"I(I(x11)*I(x48))",3.17731198296927e-25
"I(I(x11)*I(x9))",1.2833920758862e-23
"I(I(x12)*I(atan(I(I(m(-1.81694741,1))+I(m(0.51936324,I(x6)))+I(m(0.01207679,I(x12)))+I(m(-5.78486035,I(x26)))+I(m(1.68462813,I(x52)))))))",4.962933855743e-13
"I(I(x12)*I(gauss(I(x14))))",1.01076525961032e-31
"I(I(x12)*I(I(x15)*I(x25)))",1.35599674222665e-41
"I(I(x12)*I(x16))",5.71327036157993e-13
"I(I(x12)*I(x21))",7.84715407563037e-17
"I(I(x12)*I(x30))",1.6196779148961e-82
"I(I(x12)*I(x33))",8.09257094760005e-17
"I(I(x12)*I(x40))",2.11191690976691e-28
"I(I(x12)*I(x45))",4.62228972830614e-19
"I(I(x12)*I(x54))",7.03934536241606e-13
"I(I(x13)*I(I(x21)*I(gauss(I(x54)))))",2.77414368164233e-37
"I(I(x13)*I(I(x42)*I(x7)))",5.01491280772938e-17
"I(I(x13)*I(x5))",4.55100429591466e-24
"I(I(x14)*I(I(gauss(I(x45)))*I(x33)))",1.0629309152672e-21
"I(I(x14)*I(I(x14)*I(x28)))",3.50777244972983e-08
"I(I(x14)*I(x23))",2.24297600577003e-12
"I(I(x14)*I(x28))",2.24691240372614e-05
"I(I(x14)*I(x6))",1.97760596065307e-17
"I(I(x15)*I(gmedi(I(I(x21)*I(x25)))))",1.90074275964329e-20
"I(I(x15)*I(I(x14)*I(x23)))",3.7163470082295e-29
"I(I(x15)*I(I(x42)*I(tanh(I(I(m(-0.26422222,1))+I(m(0.51774252,I(x6)))+I(m(2.49277025,I(x7)))+I(m(-0.27879284,I(I(x36)*I(x19))))+I(m(-1.19928504,I(gmedi(I(x44)))))+I(m(-2.03870265,I(x32))))))))",4.99999299809051e-10
"I(I(x15)*I(tanh(I(I(m(-0.41843089,1))+I(m(-0.35107992,I(x49)))+I(m(1.80219391,I(I(gfquar(I(I(m(-0.60947428,1))+I(m(0.36908682,I(x1)))+I(m(-0.40783282,I(x28)))+I(m(-1.33698492,I(x33))))))*I(x17))))))))",1.23070445202146e-45
"I(I(x15)*I(tanh(I(I(m(0.48959567,1))+I(m(0.46437933,I(x16)))+I(m(0.99249853,I(x24)))+I(m(1.48185612,I(x52)))+I(m(1.55001575,I(sin(I(x15)))))+I(m(1.57798461,I(atan(I(I(m(0.11494352,1))+I(m(-0.00644432,I(x2)))+I(m(0.54112537,I(x8)))+I(m(4.48213999,I(x20)))+I(m(0.01621294,I(I(I(x56)*I(x29))*I(x5)))))))))+I(m(0.8248318,I(gmedi(I(x54)))))))))",1.01993659720659e-48
"I(I(x15)*I(x1))",5.5790390634466e-16
"I(I(x15)*I(x16))",1.83776055405353e-14
"I(I(x15)*I(x20))",2.287380931417e-18
"I(I(x15)*I(x21))",1.77179826670909e-16
"I(I(x15)*I(x25))",3.06437821639284e-19
"I(I(x15)*I(x43))",7.90399749112386e-22
"I(I(x15)*I(x8))",1.55748973716297e-28
"I(I(x16)*I(gmedi(I(x25))))",3.06035469734954e-28
"I(I(x16)*I(I(x12)*I(x26)))",1.8393041398966e-14
"I(I(x16)*I(sin(I(I(m(-0.37246997,1))+I(m(-0.00272785,I(x2)))+I(m(0.59055134,I(sin(I(x12)))))))))",7.21662037312487e-13
"I(I(x16)*I(tanh(I(I(m(-0.86799844,1))+I(m(2.21152636,I(x7)))+I(m(2.85216595,I(glquar(I(x53)))))))))",4.03757459458095e-16
"I(I(x16)*I(x12))",1.02871812810572e-05
"I(I(x16)*I(x18))",2.20966893491476e-16
"I(I(x16)*I(x19))",8.73025730896871e-21
"I(I(x16)*I(x25))",1.01993659720659e-48
"I(I(x16)*I(x29))",1.57280569381294e-21
"I(I(x16)*I(x33))",7.91794077520817e-17
"I(I(x16)*I(x38))",3.22641961146771e-19
"I(I(x16)*I(x4))",5.50210499033889e-24
"I(I(x16)*I(x42))",2.35336527628661e-38
"I(I(x16)*I(x5))",1.55751493166958e-28
"I(I(x16)*I(x7))",5.52272512870409e-34
"I(I(x17)*I(I(x8)*I(x5)))",1.83719216270172e-34
"I(I(x17)*I(x9))",1.80607029057674e-29
"I(I(x18)*I(gmedi(I(I(x18)*I(I(x46)*I(x29))))))",5.45435550537664e-14
"I(I(x18)*I(I(x46)*I(x29)))",6.52904498602267e-11
"I(I(x18)*I(x16))",4.19360438536962e-42
"I(I(x18)*I(x54))",2.4698241433048e-26
"I(I(x19)*I(atan(I(x26))))",1.59060644208235e-47
"I(I(x19)*I(glquar(I(x28))))",1.99443744657317e-14
"I(I(x19)*I(sin(I(x23))))",1.01993659720659e-48
"I(I(x19)*I(x14))",2.34890533622379e-37
"I(I(x19)*I(x2))",1.97760567115054e-17
"I(I(x19)*I(x21))",4.62851128195538e-31
"I(I(x19)*I(x26))",1.6196779148961e-82
"I(I(x19)*I(x30))",8.24004624287941e-09
"I(I(x19)*I(x33))",4.33850782481136e-08
"I(I(x19)*I(x5))",4.98290026913357e-39
"I(I(x2)*I(gauss(I(x25))))",2.57331801811971e-08
"I(I(x2)*I(gauss(I(x55))))",1.97760559764488e-17
"I(I(x2)*I(I(x22)*I(x14)))",1.46567371341186e-26
"I(I(x2)*I(tanh(I(x20))))",1.9776055976449e-17
"I(I(x2)*I(x12))",2.20327438553414e-19
"I(I(x2)*I(x18))",0.999329067129525
"I(I(x2)*I(x31))",2.44189372123098e-19
"I(I(x2)*I(x51))",1.0092050462234e-05
"I(I(x20)*I(glquar(I(x50))))",4.98285334825243e-39
"I(I(x20)*I(I(x45)*I(x35)))",1.01993659720659e-48
"I(I(x20)*I(sin(I(x5))))",4.32674718381949e-23
"I(I(x20)*I(tanh(I(x7))))",9.52320382772181e-23
"I(I(x20)*I(x19))",5.33030849268557e-17
"I(I(x20)*I(x26))",6.49616441620378e-13
"I(I(x20)*I(x56))",2.06465892975353e-22
"I(I(x20)*I(x7))",5.45435550533126e-14
"I(I(x21)*I(gauss(I(x54))))",5.2027954663774e-34
"I(I(x21)*I(gmedi(I(x46))))",2.32179611007336e-14
"I(I(x21)*I(sin(I(I(x48)*I(x28)))))",1.2321003261323e-22
"I(I(x21)*I(x1))",1.72151254212656e-18
"I(I(x21)*I(x12))",1.23182752654793e-06
"I(I(x21)*I(x23))",7.87895527096027e-13
"I(I(x21)*I(x24))",6.15282671242993e-17
"I(I(x21)*I(x25))",1.21271079149913e-08
"I(I(x21)*I(x52))",1.18918428763833e-22
"I(I(x21)*I(x57))",8.96030356875605e-18
"I(I(x22)*I(x14))",1.11164230074058e-30
"I(I(x22)*I(x24))",3.44773471316676e-15
"I(I(x22)*I(x56))",1.53422724869423e-34
"I(I(x23)*I(gauss(I(x52))))",5.43485220026877e-20
"I(I(x23)*I(I(x9)*I(x52)))",1.83895813988123e-23
"I(I(x23)*I(x12))",0.996574160171166
"I(I(x23)*I(x44))",3.45374133271207e-18
"I(I(x23)*I(x45))",6.97892413777655e-17
"I(I(x23)*I(x6))",1.61545348279775e-12
"I(I(x23)*I(x7))",1.24267817357494e-06
"I(I(x23)*I(x9))",1.43509176431293e-16
"I(I(x24)*I(atan(I(x49))))",1.37892692100859e-08
"I(I(x24)*I(atan(I(x53))))",1.41649706756797e-19
"I(I(x24)*I(atan(I(x57))))",9.60990869443322e-24
"I(I(x24)*I(I(I(x24)*I(x5))*I(gauss(I(x19)))))",2.60445937147902e-18
"I(I(x24)*I(I(sin(I(I(x48)*I(x44))))*I(x26)))",4.05281573386346e-25
"I(I(x24)*I(x13))",5.35029497600834e-20
"I(I(x24)*I(x18))",6.53288086012301e-11
"I(I(x24)*I(x19))",0.999330501745755
"I(I(x24)*I(x27))",1.83696717605571e-34
"I(I(x24)*I(x31))",8.04510944631965e-22
"I(I(x24)*I(x42))",1.20807609726434e-26
"I(I(x24)*I(x5))",1.74593755516153e-05
"I(I(x24)*I(x54))",3.22537132455779e-19
"I(I(x24)*I(x57))",5.86063866673522e-19
"I(I(x24)*I(x7))",1.86097080758803e-13
"I(I(x25)*I(gauss(I(x55))))",7.91790935174518e-13
"I(I(x25)*I(I(gauss(I(I(m(-0.3233305,1))+I(m(0.40101812,I(x10)))+I(m(-1.46785736,I(gmedi(I(x46))))))))*I(I(x2)*I(x51))))",4.98659537373633e-11
"I(I(x25)*I(sin(I(I(m(-9.06328262,1))+I(m(-55.113661,I(x31)))+I(m(-0.11659609,I(x38)))+I(m(-1.49983216,I(glquar(I(x46)))))))))",7.51375029854308e-40
"I(I(x25)*I(sin(I(x33))))",3.97314959715136e-20
"I(I(x25)*I(x2))",8.81385581048058e-08
"I(I(x25)*I(x24))",5.52272512870409e-34
"I(I(x25)*I(x26))",1.06385387858682e-10
"I(I(x25)*I(x27))",1.82083464052714e-14
"I(I(x25)*I(x46))",6.5640956899225e-07
"I(I(x25)*I(x8))",1.83718385454382e-34
"I(I(x26)*I(gauss(I(x42))))",8.12091072179359e-17
"I(I(x26)*I(gauss(I(x57))))",1.81345790683708e-34
"I(I(x26)*I(glquar(I(atan(I(x52))))))",3.25106876603293e-11
"I(I(x26)*I(I(x24)*I(x5)))",4.04670338881661e-19
"I(I(x26)*I(I(x7)*I(x11)))",5.00155220089052e-21
"I(I(x26)*I(tanh(I(x46))))",1.11611790526619e-17
"I(I(x26)*I(tanh(I(x57))))",6.11379043530654e-40
"I(I(x26)*I(x12))",9.37045392809016e-21
"I(I(x26)*I(x15))",7.27352687811423e-19
"I(I(x26)*I(x20))",7.91579763048051e-13
"I(I(x26)*I(x21))",2.85519343227297e-14
"I(I(x26)*I(x41))",4.36682385722522e-24
"I(I(x26)*I(x45))",1.42089079020314e-15
"I(I(x27)*I(glquar(I(x12))))",7.84252391986526e-35
"I(I(x27)*I(gmedi(I(x37))))",9.52836084855637e-16
"I(I(x27)*I(x14))",3.58394225942291e-18
"I(I(x27)*I(x42))",7.21654192850791e-13
"I(I(x27)*I(x45))",8.01129455175933e-20
"I(I(x27)*I(x52))",7.92181854253709e-13
"I(I(x27)*I(x54))",1.55751493166986e-28
"I(I(x27)*I(x7))",1.01076970086129e-31
"I(I(x28)*I(gmedi(I(x25))))",9.61007605437699e-24
"I(I(x28)*I(gmedi(I(x53))))",5.45435550537667e-14
"I(I(x28)*I(I(x23)*I(gauss(I(x52)))))",8.34669828839497e-24
"I(I(x28)*I(sin(I(tanh(I(x7))))))",4.08146507097905e-08
"I(I(x28)*I(tanh(I(x49))))",7.66662759966228e-17
"I(I(x28)*I(x21))",5.43019934129707e-20
"I(I(x28)*I(x28))",2.24759119159528e-05
"I(I(x28)*I(x37))",1.28338290892081e-23
"I(I(x28)*I(x42))",7.40441635534047e-07
"I(I(x28)*I(x49))",1.61781373331397e-12
"I(I(x28)*I(x5))",9.37045392818219e-21
"I(I(x28)*I(x52))",5.45051888245478e-14
"I(I(x28)*I(x57))",8.04964380817607e-17
"I(I(x28)*I(x8))",5.44230975421615e-20
"I(I(x28)*I(x9))",7.25420421555952e-19
"I(I(x29)*I(atan(I(I(m(-0.39406372,1))+I(m(1.29977639,I(x54)))+I(m(-0.06995047,I(I(x26)*I(x12))))))))",6.47590937477183e-38
"I(I(x29)*I(x1))",8.60058326177769e-36
"I(I(x29)*I(x13))",4.43397108862156e-14
"I(I(x29)*I(x20))",1.63364157950821e-27
"I(I(x29)*I(x26))",5.23891664339447e-18
"I(I(x29)*I(x36))",7.13487203306591e-12
"I(I(x29)*I(x43))",1.85886613987195e-20
"I(I(x3)*I(glquar(I(x28))))",9.6082456218072e-24
"I(I(x3)*I(x40))",8.97822190128257e-28
"I(I(x3)*I(x57))",1.96191563638197e-19
"I(I(x30)*I(gmedi(I(x54))))",1.01993659720659e-48
"I(I(x30)*I(I(x8)*I(x57)))",2.35336527628661e-38
"I(I(x30)*I(x35))",9.87057529516383e-06
"I(I(x30)*I(x36))",7.7912507911901e-08
"I(I(x31)*I(I(x2)*I(gauss(I(x55)))))",2.22341110958317e-26
"I(I(x31)*I(x1))",0.000635336505564535
"I(I(x31)*I(x10))",1.23070216047728e-45
"I(I(x31)*I(x28))",1.32927332913355e-30
"I(I(x31)*I(x30))",2.06565010965098e-07
"I(I(x31)*I(x31))",2.0572047451735e-23
"I(I(x31)*I(x56))",1.55750088229044e-28
"I(I(x32)*I(I(x49)*I(x42)))",1.90948640452822e-25
"I(I(x32)*I(x23))",1.19145428871979e-15
"I(I(x32)*I(x31))",1.05564564530972e-19
"I(I(x33)*I(I(x23)*I(gauss(I(x52)))))",4.72945985212376e-20
"I(I(x33)*I(x24))",1.98067685219817e-17
"I(I(x33)*I(x26))",3.40834095358111e-26
"I(I(x33)*I(x33))",7.36567937204924e-08
"I(I(x33)*I(x35))",4.33850782451438e-08
"I(I(x33)*I(x5))",2.01456808664494e-21
"I(I(x33)*I(x52))",1.46701950190878e-37
"I(I(x33)*I(x6))",1.55086105854594e-28
"I(I(x33)*I(x7))",5.44295375643798e-20
"I(I(x34)*I(sin(I(I(atan(I(I(m(-2.02932313,1))+I(m(-6.10614982,I(x25)))+I(m(0.03426962,I(x28))))))*I(gauss(I(I(m(-0.4469246,1))+I(m(0.83336794,I(x5)))+I(m(0.15911351,I(I(x3)*I(x21)))))))))))",2.43364215124718e-24
"I(I(x34)*I(x45))",2.29208379421387e-13
"I(I(x35)*I(glquar(I(x46))))",1.23070308699075e-45
"I(I(x35)*I(gmedi(I(x55))))",4.80913328131179e-08
"I(I(x35)*I(I(atan(I(x41)))*I(x20)))",1.21998648274048e-17
"I(I(x35)*I(I(gauss(I(x45)))*I(x57)))",2.35336527628661e-38
"I(I(x35)*I(tanh(I(tanh(I(x20))))))",1.94626514324455e-47
"I(I(x35)*I(tanh(I(x12))))",3.61794408382552e-17
"I(I(x35)*I(x19))",7.81200015686709e-17
"I(I(x35)*I(x28))",3.49475205711303e-15
"I(I(x35)*I(x44))",3.02535118689934e-33
"I(I(x35)*I(x46))",9.11164835405988e-13
"I(I(x35)*I(x48))",1.19965656195123e-15
"I(I(x35)*I(x5))",1.68070289368785e-23
"I(I(x36)*I(I(x13)*I(x5)))",1.12027379011211e-20
"I(I(x36)*I(I(x45)*I(x31)))",2.59765669220222e-17
"I(I(x36)*I(x31))",4.25184816625838e-18
"I(I(x36)*I(x4))",1.14609642145184e-06
"I(I(x36)*I(x48))",1.55748836558224e-28
"I(I(x36)*I(x54))",1.75242023633197e-16
"I(I(x37)*I(x11))",1.57926605678379e-08
"I(I(x37)*I(x40))",9.06343559402796e-29
"I(I(x37)*I(x45))",1.94640164631529e-47
"I(I(x37)*I(x54))",4.60399000924715e-31
"I(I(x38)*I(gmedi(I(I(x18)*I(I(x46)*I(x29))))))",5.45435550522447e-14
"I(I(x38)*I(x33))",8.8580388006444e-17
"I(I(x38)*I(x46))",9.59092449948251e-24
"I(I(x38)*I(x50))",4.84615957623976e-08
"I(I(x39)*I(glquar(I(x2))))",6.68153243177096e-08
"I(I(x39)*I(I(x52)*I(x3)))",1.23121924602829e-22
"I(I(x39)*I(x52))",1.48021135477291e-06
"I(I(x4)*I(atan(I(I(m(-2.02932313,1))+I(m(-6.10614982,I(x25)))+I(m(0.03426962,I(x28)))))))",3.07127156944428e-20
"I(I(x4)*I(sin(I(x12))))",5.65653418621904e-15
"I(I(x4)*I(sin(I(x53))))",1.43732639452623e-16
"I(I(x4)*I(tanh(I(gauss(I(x55))))))",3.99707072256907e-27
"I(I(x4)*I(x10))",3.91924788766261e-23
"I(I(x40)*I(I(x2)*I(tanh(I(x20)))))",1.97175887127917e-23
"I(I(x40)*I(I(x52)*I(gmedi(I(x10)))))",1.05352904014249e-19
"I(I(x40)*I(x33))",9.61005115572591e-24
"I(I(x41)*I(I(x25)*I(x24)))",2.14996770778798e-37
"I(I(x41)*I(x16))",2.70753011281963e-30
"I(I(x41)*I(x20))",1.44738075521171e-18
"I(I(x41)*I(x27))",5.25347050847327e-09
"I(I(x41)*I(x33))",5.53944601145931e-85
"I(I(x41)*I(x36))",1.0498898202672e-18
"I(I(x41)*I(x39))",3.40516874033983e-37
"I(I(x41)*I(x42))",1.92145143563872e-26
"I(I(x41)*I(x45))",9.59036177796357e-24
"I(I(x41)*I(x5))",1.24268252347929e-06
"I(I(x41)*I(x52))",1.55749200810976e-28
"I(I(x42)*I(atan(I(x42))))",7.22059487917532e-13
"I(I(x42)*I(atan(I(x46))))",4.98700923017317e-18
"I(I(x42)*I(gauss(I(I(m(-0.91528652,1))+I(m(0.39404024,I(x1)))+I(m(-3.21585721,I(x35)))))))",9.23061289126994e-32
"I(I(x42)*I(gauss(I(x50))))",2.99004700012749e-17
"I(I(x42)*I(I(atan(I(x7)))*I(x41)))",7.28769431005816e-16
"I(I(x42)*I(I(x24)*I(x18)))",2.76513347123013e-16
"I(I(x42)*I(tanh(I(I(m(-0.26422222,1))+I(m(0.51774252,I(x6)))+I(m(2.49277025,I(x7)))+I(m(-0.27879284,I(I(x36)*I(x19))))+I(m(-1.19928504,I(gmedi(I(x44)))))+I(m(-2.03870265,I(x32)))))))",1.02871801943386e-05
"I(I(x42)*I(tanh(I(I(m(-0.41886244,1))+I(m(0.83820802,I(x5)))+I(m(-0.02032174,I(I(x17)*I(x55))))))))",1.41201387928892e-28
"I(I(x42)*I(x53))",1.42948552452756e-16
"I(I(x42)*I(x54))",1.17306738858915e-25
"I(I(x43)*I(sin(I(x49))))",1.11628874504906e-19
"I(I(x43)*I(x24))",4.38505355474361e-36
"I(I(x43)*I(x6))",5.16319456102315e-19
"I(I(x44)*I(atan(I(I(m(-0.43475882,1))+I(m(0.85969248,I(x16)))+I(m(0.10433081,I(x14)))+I(m(0.00536334,I(I(x5)*I(x5))))))))",6.46598855797357e-16
"I(I(x44)*I(gmedi(I(x35))))",8.85766414157353e-27
"I(I(x44)*I(tanh(I(x2))))",3.03440136815848e-28
"I(I(x44)*I(x14))",3.23578564449784e-11
"I(I(x44)*I(x15))",5.63610715602445e-23
"I(I(x44)*I(x20))",1.57360526174922e-08
"I(I(x44)*I(x25))",9.80709997034026e-32
"I(I(x44)*I(x41))",1.2833920762405e-23
"I(I(x44)*I(x45))",2.35336527628661e-38
"I(I(x44)*I(x49))",1.99461334584073e-26
"I(I(x44)*I(x51))",6.51501165052944e-16
"I(I(x45)*I(gfquar(I(I(m(-2.03132609,1))+I(m(-6.04623485,I(x25)))+I(m(-0.2009585,I(x49)))+I(m(-0.13812013,I(x50)))))))",4.12968938253285e-28
"I(I(x45)*I(I(x23)*I(gauss(I(x52)))))",4.38843525044321e-26
"I(I(x45)*I(I(x3)*I(x40)))",1.78950352831142e-27
"I(I(x45)*I(x27))",1.05172015452199e-40
"I(I(x45)*I(x31))",2.32166874797481e-14
"I(I(x45)*I(x35))",3.1817520546845e-11
"I(I(x45)*I(x36))",1.67425484064524e-23
"I(I(x45)*I(x7))",1.18966247806719e-17
"I(I(x46)*I(glquar(I(x21))))",1.02871968501578e-05
"I(I(x46)*I(I(x55)*I(x1)))",1.98067686921434e-17
"I(I(x46)*I(x21))",0.999330466472729
"I(I(x46)*I(x24))",5.36134358196258e-13
"I(I(x46)*I(x25))",1.14616874959889e-06
"I(I(x46)*I(x29))",6.53477171801506e-11
"I(I(x46)*I(x51))",5.31177792581908e-17
"I(I(x46)*I(x55))",7.22085011517641e-13
"I(I(x47)*I(gfquar(I(I(m(-1.3036009,1))+I(m(-5.99293025,I(x29)))+I(m(-2.96724009,I(x42)))+I(m(4.95362088,I(x56)))))))",6.14069712276113e-21
"I(I(x47)*I(tanh(I(tanh(I(x52))))))",5.04332123428751e-16
"I(I(x47)*I(x33))",2.79812916607173e-23
"I(I(x47)*I(x5))",1.03200752346727e-12
"I(I(x47)*I(x55))",7.7912507911901e-08
"I(I(x48)*I(atan(I(x24))))",7.23653488478307e-11
"I(I(x48)*I(gauss(I(x34))))",6.7112431190316e-15
"I(I(x48)*I(gauss(I(x51))))",1.11515918571472e-19
"I(I(x48)*I(I(x26)*I(x12)))",5.52783997516941e-36
"I(I(x48)*I(tanh(I(x7))))",1.23315763192093e-22
"I(I(x48)*I(x16))",1.69445471470342e-16
"I(I(x48)*I(x19))",5.52272512870409e-34
"I(I(x48)*I(x22))",1.32927041115455e-40
"I(I(x48)*I(x26))",0.000634939903516627
"I(I(x48)*I(x28))",1.05900559055242e-27
"I(I(x48)*I(x33))",1.16528823636104e-46
"I(I(x48)*I(x44))",2.2665624154176e-13
"I(I(x48)*I(x46))",6.51538869554202e-11
"I(I(x48)*I(x54))",3.37773557048902e-29
"I(I(x49)*I(atan(I(x42))))",2.41270067388423e-08
"I(I(x49)*I(gauss(I(sin(I(x14))))))",6.7537331235998e-37
"I(I(x49)*I(gauss(I(x33))))",1.94626514324448e-47
"I(I(x49)*I(I(x44)*I(x20)))",7.63918847341474e-17
"I(I(x49)*I(x22))",1.83719216270242e-34
"I(I(x49)*I(x23))",3.22589661250896e-19
"I(I(x49)*I(x27))",5.52024436853064e-34
"I(I(x49)*I(x28))",1.01060582052526e-31
"I(I(x49)*I(x31))",1.12575343166465e-21
"I(I(x49)*I(x42))",2.95995279348575e-24
"I(I(x49)*I(x45))",1.86360343786421e-22
"I(I(x49)*I(x48))",4.02028072074127e-18
"I(I(x5)*I(atan(I(x46))))",7.7912507911901e-08
"I(I(x5)*I(I(x27)*I(x7)))",9.80710083749669e-32
"I(I(x5)*I(tanh(I(x34))))",2.29068973288041e-13
"I(I(x5)*I(x1))",2.83828035885809e-22
"I(I(x5)*I(x36))",6.87908747171214e-23
"I(I(x5)*I(x42))",6.73354005824165e-07
"I(I(x5)*I(x46))",5.52272512870409e-34
"I(I(x5)*I(x5))",0.000635352497578791
"I(I(x5)*I(x7))",1.83842418072602e-14
"I(I(x50)*I(tanh(I(I(m(-2.07246847,1))+I(m(-5.95341493,I(x25)))+I(m(-1.10145891,I(x48)))))))",4.47652669797692e-20
"I(I(x50)*I(x14))",1.85033942403841e-20
"I(I(x50)*I(x54))",1.64023859117797e-19
"I(I(x50)*I(x57))",1.16228643033847e-36
"I(I(x51)*I(x31))",1.23070445187428e-45
"I(I(x51)*I(x46))",9.72630117913026e-18
"I(I(x52)*I(atan(I(x46))))",8.39703091695949e-18
"I(I(x52)*I(gmedi(I(x10))))",2.11812210784705e-16
"I(I(x52)*I(I(x52)*I(x52)))",1.19346324310592e-16
"I(I(x52)*I(tanh(I(x57))))",1.83719161968702e-34
"I(I(x52)*I(x16))",1.24268252339507e-06
"I(I(x52)*I(x17))",1.57272452697666e-21
"I(I(x52)*I(x27))",1.24268252347928e-06
"I(I(x52)*I(x3))",3.18578098647517e-25
"I(I(x52)*I(x46))",4.06257515858946e-25
"I(I(x52)*I(x49))",4.16749587581863e-20
"I(I(x52)*I(x52))",1.24267674573816e-06
"I(I(x52)*I(x7))",2.74550656368648e-16
"I(I(x53)*I(I(x14)*I(x23)))",5.40238989892845e-14
"I(I(x53)*I(x12))",1.72411973504893e-18
"I(I(x53)*I(x21))",1.09762295241196e-16
"I(I(x53)*I(x25))",2.3217962553728e-14
"I(I(x53)*I(x29))",1.28339206436258e-23
"I(I(x53)*I(x3))",1.61668864501112e-12
"I(I(x53)*I(x42))",2.49030534970343e-45
"I(I(x53)*I(x45))",1.02871329579265e-05
"I(I(x53)*I(x5))",7.01931839613689e-15
"I(I(x53)*I(x7))",3.25372982760201e-11
"I(I(x54)*I(x1))",5.23891664339447e-18
"I(I(x54)*I(x27))",0.999330502576506
"I(I(x54)*I(x45))",4.96877769883555e-13
"I(I(x54)*I(x48))",0.999330501744153
"I(I(x54)*I(x5))",9.00081961338753e-32
"I(I(x55)*I(glquar(I(x53))))",4.30145947386068e-13
"I(I(x55)*I(I(gauss(I(x16)))*I(x16)))",1.57278813246481e-21
"I(I(x55)*I(I(x44)*I(x52)))",2.24784154219979e-05
"I(I(x55)*I(x18))",1.44030652002794e-41
"I(I(x55)*I(x24))",6.52106758739222e-11
"I(I(x55)*I(x28))",1.55751493166958e-28
"I(I(x55)*I(x30))",1.01993659720659e-48
"I(I(x55)*I(x42))",9.75501471731151e-32
"I(I(x55)*I(x44))",1.01993659720659e-48
"I(I(x56)*I(glquar(I(I(m(-2.22518973,1))+I(m(-7.07612852,I(x26)))+I(m(0.22806465,I(I(x27)*I(x57))))))))",1.63136605186931e-30
"I(I(x56)*I(x1))",7.33825820290839e-28
"I(I(x56)*I(x10))",1.03652085472182e-24
"I(I(x56)*I(x16))",2.78345225843388e-15
"I(I(x56)*I(x19))",2.49795240518187e-07
"I(I(x56)*I(x20))",2.65955634000105e-18
"I(I(x56)*I(x26))",6.53034572796655e-11
"I(I(x56)*I(x33))",6.55510661775114e-16
"I(I(x56)*I(x38))",5.17602658000905e-20
"I(I(x56)*I(x5))",4.08000003974245e-12
"I(I(x56)*I(x52))",1.02862190240751e-05
"I(I(x56)*I(x53))",3.08308064927997e-21
"I(I(x56)*I(x55))",7.61442711171545e-17
"I(I(x56)*I(x6))",8.90513428693137e-18
"I(I(x57)*I(I(x48)*I(x46)))",5.56352117068351e-16
"I(I(x57)*I(tanh(I(x23))))",2.44412197755442e-23
"I(I(x57)*I(x26))",2.29151038348033e-13
"I(I(x57)*I(x27))",1.0341708749439e-18
"I(I(x57)*I(x35))",6.56353557170987e-41
"I(I(x57)*I(x43))",4.64833580562558e-08
"I(I(x57)*I(x55))",1.12155717088028e-20
"I(I(x6)*I(x12))",1.2426381982999e-06
"I(I(x6)*I(x14))",3.49485525050153e-15
"I(I(x6)*I(x20))",6.29654767951453e-17
"I(I(x6)*I(x33))",6.15437916607489e-20
"I(I(x7)*I(gauss(I(x42))))",1.58059445429263e-08
"I(I(x7)*I(I(x36)*I(x4)))",7.16038746736439e-12
"I(I(x7)*I(x11))",1.4447952063926e-26
"I(I(x7)*I(x27))",1.11437391493446e-13
"I(I(x7)*I(x44))",2.9679138141687e-21
"I(I(x7)*I(x50))",1.57280307468144e-21
"I(I(x8)*I(glquar(I(x52))))",1.07476799824059e-30
"I(I(x8)*I(I(glquar(I(x28)))*I(x48)))",6.66614737407876e-18
"I(I(x8)*I(tanh(I(I(x19)*I(x14)))))",8.5416367023844e-34
"I(I(x8)*I(tanh(I(x40))))",5.13195206247561e-17
"I(I(x8)*I(x20))",1.08204746140989e-34
"I(I(x8)*I(x44))",1.4304438188296e-17
"I(I(x8)*I(x5))",1.83719216270506e-34
"I(I(x8)*I(x52))",7.69400303818317e-13
"I(I(x8)*I(x57))",2.35336527628661e-38
"I(I(x9)*I(tanh(I(x15))))",1.61967791487175e-82
"I(I(x9)*I(x20))",4.51505558982772e-21
"I(I(x9)*I(x23))",1.76890152489314e-32
"I(I(x9)*I(x52))",3.30552431936375e-16
"I(I(x9)*I(x6))",1.01993659720659e-48
"I(sin(I(atan(I(x12)))))",1.21619977793401e-23
"I(sin(I(atan(I(x57)))))",2.66400690193974e-23
"I(sin(I(gauss(I(x16)))))",2.13877678893801e-22
"I(sin(I(gauss(I(x41)))))",2.32179244133613e-14
"I(sin(I(gauss(I(x42)))))",7.97324759494846e-17
"I(sin(I(gauss(I(x5)))))",7.33825820291209e-28
"I(sin(I(gauss(I(x50)))))",1.33914041894993e-19
"I(sin(I(I(atan(I(I(m(-2.02932313,1))+I(m(-6.10614982,I(x25)))+I(m(0.03426962,I(x28))))))*I(gauss(I(I(m(-0.4469246,1))+I(m(0.83336794,I(x5)))+I(m(0.15911351,I(I(x3)*I(x21))))))))))",3.07127156943678e-20
"I(sin(I(I(gauss(I(I(m(-0.33669321,1))+I(m(-1.4359167,I(gmedi(I(x46)))))+I(m(-0.30030368,I(x50))))))*I(x31))))",1.85127079738212e-14
"I(sin(I(I(I(gauss(I(x45)))*I(x33))*I(sin(I(x7))))))",1.30360376001471e-21
"I(sin(I(I(m(-0.00435104,1))+I(m(3.2165927,I(x4)))+I(m(-2.01991812,I(gfquar(I(I(m(-2.23850913,1))+I(m(-6.8973541,I(x26)))+I(m(-0.30688011,I(x43)))))))))))",3.62126756179948e-18
"I(sin(I(I(m(-0.20461853,1))+I(m(0.6619404,I(x21)))+I(m(2.34250685,I(x53))))))",1.04988724658775e-18
"I(sin(I(I(m(-0.31183394,1))+I(m(-1.97071233,I(gmedi(I(x28)))))+I(m(0.02730792,I(I(x27)*I(x52)))))))",1.14398303200549e-15
"I(sin(I(I(m(-0.33691241,1))+I(m(0.82278844,I(x16)))+I(m(-0.80855942,I(gmedi(I(x36))))))))",1.61967791488056e-82
"I(sin(I(I(m(-0.42639441,1))+I(m(-2.03302154,I(tanh(I(x28)))))+I(m(2.68743286,I(tanh(I(x15))))))))",2.56562767435634e-92
"I(sin(I(I(m(-0.47296439,1))+I(m(-3.44324522,I(x42)))+I(m(4.99324807,I(x56)))+I(m(0.06432626,I(x57))))))",1.76890152489314e-32
"I(sin(I(I(m(-0.47723929,1))+I(m(-2.26882851,I(gfquar(I(I(m(-0.01224332,1))+I(m(0.79088132,I(x5)))+I(m(-1.04524129,I(x33)))+I(m(4.28619694,I(tanh(I(x24))))))))))+I(m(8.28334236,I(atan(I(I(x27)*I(x42)))))))))",8.51701449990547e-33
"I(sin(I(I(m(-0.47957464,1))+I(m(-1.23896003,I(x45)))+I(m(2.22809045,I(x52))))))",1.8371921627026e-34
"I(sin(I(I(m(-0.54910147,1))+I(m(-0.41267943,I(x36)))+I(m(-0.61313882,I(x43))))))",5.23891664339447e-18
"I(sin(I(I(m(-0.75094681,1))+I(m(-0.07958918,I(x12)))+I(m(1.70294634,I(gmedi(I(x8)))))+I(m(0.45615022,I(x11))))))",1.23747885859315e-27
"I(sin(I(I(m(-0.78022163,1))+I(m(-0.19489006,I(I(x39)*I(I(x52)*I(x3)))))+I(m(-2.33519003,I(atan(I(x46))))))))",8.86711711775943e-28
"I(sin(I(I(m(-0.91263942,1))+I(m(-3.12566844,I(x35)))+I(m(0.01389808,I(I(x35)*I(x28)))))))",5.99814421383498e-41
"I(sin(I(I(m(-0.94194685,1))+I(m(-3.38994814,I(x42)))+I(m(0.43219847,I(gmedi(I(I(x42)*I(x6)))))))))",9.22635757978596e-20
"I(sin(I(I(m(-1.06732972,1))+I(m(2.35598124,I(x23)))+I(m(1.77063888,I(gmedi(I(x55))))))))",6.80060607331788e-15
"I(sin(I(I(m(-1.18567038,1))+I(m(0.48622617,I(x16)))+I(m(-6.72696528,I(x26)))+I(m(14.24114701,I(x55))))))",6.00412720501274e-19
"I(sin(I(I(m(-1.89223759,1))+I(m(1.33977777,I(gauss(I(x36)))))+I(m(-2.58148489,I(tanh(I(x44))))))))",2.99670093655422e-37
"I(sin(I(I(m(-1.92104207,1))+I(m(-4.51304154,I(x35)))+I(m(3.02401236,I(glquar(I(x53))))))))",5.00277093149779e-26
"I(sin(I(I(m(-13.31256756,1))+I(m(-8.88463079,I(x26)))+I(m(-80.83270538,I(x41)))+I(m(2.15438884,I(gmedi(I(x5))))))))",2.85733893910692e-25
"I(sin(I(I(m(-13.8442439,1))+I(m(-107.38088112,I(x41)))+I(m(-3.2138335,I(x42))))))",1.11728245366308e-35
"I(sin(I(I(m(-2.23434535,1))+I(m(0.63326974,I(x9)))+I(m(-13.97823412,I(I(x42)*I(gauss(I(I(m(-0.91528652,1))+I(m(0.39404024,I(x1)))+I(m(-3.21585721,I(x35))))))))))))",1.44636731541882e-31
"I(sin(I(I(m(-2.34966633,1))+I(m(-8.97775144,I(x26)))+I(m(4.89418608,I(x56))))))",1.94626533577432e-47
"I(sin(I(I(m(-2.95352186,1))+I(m(3.96174851,I(tanh(I(x57)))))+I(m(-13.57446565,I(I(x26)*I(gauss(I(x57)))))))))",1.83719216270242e-34
"I(sin(I(I(m(-3.46272971,1))+I(m(-7.41964128,I(x26)))+I(m(1.62814315,I(gauss(I(x12))))))))",6.79925658799317e-18
"I(sin(I(I(m(-4.45775209,1))+I(m(-18.76425858,I(x27)))+I(m(0.16911299,I(atan(I(x12))))))))",7.81059818480263e-17
"I(sin(I(I(m(-7.89170207,1))+I(m(-18.25136837,I(x27)))+I(m(3.92305399,I(gauss(I(x25)))))+I(m(-0.81515942,I(x30))))))",2.22290585259703e-08
"I(sin(I(I(m(-9.06328262,1))+I(m(-55.113661,I(x31)))+I(m(-0.11659609,I(x38)))+I(m(-1.49983216,I(glquar(I(x46))))))))",7.7912507911901e-08
"I(sin(I(I(m(-9.35582535,1))+I(m(0.46560678,I(x16)))+I(m(-52.22100126,I(x31)))+I(m(2.38191493,I(glquar(I(x52))))))))",1.55748840595986e-28
"I(sin(I(I(m(0.00194453,1))+I(m(-0.0854684,I(x12)))+I(m(4.95144371,I(x56))))))",2.61540336964263e-38
"I(sin(I(I(m(0.06096176,1))+I(m(1.4043612,I(x54)))+I(m(-3.03997684,I(gmedi(I(x25))))))))",1.34829392485495e-30
"I(sin(I(I(m(0.17833935,1))+I(m(3.28467973,I(x56)))+I(m(0.17674018,I(gauss(I(x19)))))+I(m(6.69557232,I(atan(I(x55))))))))",1.85682010991429e-20
"I(sin(I(I(m(0.26438005,1))+I(m(4.15424492,I(sin(I(x7)))))+I(m(1.30876362,I(gmedi(I(x14))))))))",1.53455721870966e-39
"I(sin(I(I(m(0.38560452,1))+I(m(0.75938983,I(x21)))+I(m(12.79913961,I(x55))))))",9.23059608616078e-32
"I(sin(I(I(m(1.89877361,1))+I(m(-7.30273861,I(x26)))+I(m(-7.35061797,I(gauss(I(atan(I(gauss(I(x46))))))))))))",1.13086337458521e-20
"I(sin(I(I(x12)*I(x45))))",7.50922358161028e-17
"I(sin(I(I(x23)*I(gauss(I(x52))))))",1.75495482990492e-26
"I(sin(I(I(x27)*I(x54))))",1.196701551282e-43
"I(sin(I(I(x35)*I(x25))))",1.19101893161048e-22
"I(sin(I(I(x48)*I(x28))))",9.11777789490187e-23
"I(sin(I(I(x48)*I(x44))))",4.78830272299844e-22
"I(sin(I(I(x49)*I(x23))))",7.27352687811423e-19
"I(sin(I(I(x5)*I(x46))))",4.48715568982736e-37
"I(sin(I(sin(I(I(m(-4.45775209,1))+I(m(-18.76425858,I(x27)))+I(m(0.16911299,I(atan(I(x12))))))))))",3.22849850086519e-22
"I(sin(I(sin(I(I(m(-9.19293117,1))+I(m(-54.86932825,I(x31)))+I(m(-0.22023496,I(x36))))))))",0.000635352689186583
"I(sin(I(sin(I(x35)))))",1.92886281898769e-49
"I(sin(I(sin(I(x42)))))",7.81294731582287e-17
"I(sin(I(tanh(I(I(m(-0.41886244,1))+I(m(0.83820802,I(x5)))+I(m(-0.02032174,I(I(x17)*I(x55)))))))))",8.21476759792956e-22
"I(sin(I(tanh(I(x24)))))",1.94626514327857e-47
"I(sin(I(tanh(I(x5)))))",5.2389166386355e-18
"I(sin(I(tanh(I(x52)))))",4.33850803111528e-08
"I(sin(I(tanh(I(x53)))))",8.08574660976565e-19
"I(sin(I(tanh(I(x7)))))",2.24397099584115e-05
"I(sin(I(x1)))",5.20219122541688e-34
"I(sin(I(x12)))",6.49970279476861e-08
"I(sin(I(x13)))",3.01536020548764e-12
"I(sin(I(x14)))",1.99925901288691e-34
"I(sin(I(x15)))",1.76890152489314e-32
"I(sin(I(x16)))",6.55519069227462e-16
"I(sin(I(x19)))",2.04845082100873e-27
"I(sin(I(x20)))",6.55373579131362e-16
"I(sin(I(x21)))",2.35853246117751e-10
"I(sin(I(x23)))",2.32146161629715e-14
"I(sin(I(x24)))",5.48389370097451e-20
"I(sin(I(x25)))",1.38778996795596e-08
"I(sin(I(x26)))",1.61834083998377e-06
"I(sin(I(x27)))",1.26568809284295e-12
"I(sin(I(x28)))",5.14681757068281e-09
"I(sin(I(x29)))",1.57278112288267e-21
"I(sin(I(x3)))",4.1541755452931e-23
"I(sin(I(x31)))",1.20687562904239e-27
"I(sin(I(x33)))",1.47685172270402e-08
"I(sin(I(x35)))",2.72338074405305e-18
"I(sin(I(x36)))",1.58048713322582e-08
"I(sin(I(x4)))",7.39743408256881e-15
"I(sin(I(x41)))",8.12083129691295e-17
"I(sin(I(x42)))",6.70168481702348e-16
"I(sin(I(x45)))",1.21278399852224e-06
"I(sin(I(x46)))",6.72430433840011e-19
"I(sin(I(x47)))",3.49067699978218e-15
"I(sin(I(x48)))",1.90988509326938e-14
"I(sin(I(x49)))",7.79125079734092e-08
"I(sin(I(x5)))",2.29270172244992e-13
"I(sin(I(x51)))",2.9220859681937e-42
"I(sin(I(x52)))",1.64335515405792e-15
"I(sin(I(x53)))",3.2532037610109e-11
"I(sin(I(x54)))",2.17997044840784e-26
"I(sin(I(x55)))",3.73373187616571e-21
"I(sin(I(x56)))",5.55252713184503e-21
"I(sin(I(x57)))",1.83934115273116e-14
"I(sin(I(x7)))",1.58390452365329e-08
"I(sin(I(x8)))",1.83724199170459e-34
"I(sin(I(x9)))",5.42555464088099e-20
"I(tanh(I(atan(I(x1)))))",1.8495270315611e-26
"I(tanh(I(atan(I(x42)))))",3.05347961926294e-20
"I(tanh(I(atan(I(x49)))))",7.74494583687565e-09
"I(tanh(I(gauss(I(atan(I(gauss(I(x46)))))))))",1.70100723943698e-21
"I(tanh(I(gauss(I(I(m(-2.30438609,1))+I(m(-6.84761884,I(x26)))+I(m(-0.05639985,I(x36)))+I(m(-1.36365992,I(x44))))))))",3.19247311596838e-11
"I(tanh(I(gauss(I(sin(I(x53)))))))",3.26707959588589e-35
"I(tanh(I(gauss(I(x24)))))",1.50650660721938e-08
"I(tanh(I(gauss(I(x55)))))",1.97760559916151e-17
"I(tanh(I(I(gauss(I(x25)))*I(x20))))",1.19743341390231e-10
"I(tanh(I(I(gauss(I(x56)))*I(x36))))",1.15275782594579e-17
"I(tanh(I(I(I(x48)*I(x19))*I(sin(I(x49))))))",3.26707959588589e-35
"I(tanh(I(I(m(-0.05069621,1))+I(m(2.56919198,I(x23)))+I(m(0.09485053,I(I(x19)*I(x2)))))))",6.90178142750151e-27
"I(tanh(I(I(m(-0.11504255,1))+I(m(2.36564908,I(x23)))+I(m(3.02139537,I(I(glquar(I(x37)))*I(x16))))+I(m(1.77341267,I(glquar(I(I(m(-2.04670148,1))+I(m(-6.12563922,I(x25)))+I(m(0.08779995,I(x14)))))))))))",7.36085345339018e-39
"I(tanh(I(I(m(-0.14484244,1))+I(m(0.33956474,I(x1)))+I(m(-1.09063081,I(x33)))+I(m(-2.32993959,I(gfquar(I(I(m(-0.53353179,1))+I(m(-0.57365807,I(x45)))+I(m(3.28311296,I(gmedi(I(x24)))))+I(m(1.25335081,I(sin(I(I(m(0.33362586,1))+I(m(-1.26499586,I(x33)))+I(m(14.01388023,I(x55))))))))+I(m(-1.53382432,I(atan(I(x51)))))))))))))",2.35336527628661e-38
"I(tanh(I(I(m(-0.29588994,1))+I(m(1.09702846,I(x54)))+I(m(1.12362866,I(tanh(I(x14))))))))",9.41956169109258e-22
"I(tanh(I(I(m(-0.33141605,1))+I(m(2.12330826,I(x52)))+I(m(0.03934224,I(I(x52)*I(x7)))))))",1.43778828918937e-16
"I(tanh(I(I(m(-0.33182747,1))+I(m(0.14280699,I(x2)))+I(m(1.83268163,I(x24)))+I(m(0.51501016,I(I(x2)*I(x18)))))))",4.13378433097759e-13
"I(tanh(I(I(m(-0.33249577,1))+I(m(-2.08965192,I(glquar(I(x28)))))+I(m(-0.38597568,I(I(x57)*I(x26)))))))",8.29839305264794e-21
"I(tanh(I(I(m(-0.39653898,1))+I(m(-1.80853211,I(x12)))+I(m(-1.51937697,I(x46)))+I(m(2.8770403,I(atan(I(x12))))))))",7.15914712043611e-23
"I(tanh(I(I(m(-0.39916464,1))+I(m(2.11410012,I(x52)))+I(m(-0.76601446,I(x39))))))",5.52272512870409e-34
"I(tanh(I(I(m(-0.41843089,1))+I(m(-0.35107992,I(x49)))+I(m(1.80219391,I(I(gfquar(I(I(m(-0.60947428,1))+I(m(0.36908682,I(x1)))+I(m(-0.40783282,I(x28)))+I(m(-1.33698492,I(x33))))))*I(x17)))))))",4.20082999737807e-47
"I(tanh(I(I(m(-0.41886244,1))+I(m(0.83820802,I(x5)))+I(m(-0.02032174,I(I(x17)*I(x55)))))))",1.57252892901244e-21
"I(tanh(I(I(m(-0.4378871,1))+I(m(0.85411594,I(x16)))+I(m(-0.30681554,I(x49))))))",5.69380049111056e-13
"I(tanh(I(I(m(-0.45882909,1))+I(m(-0.01041991,I(x2)))+I(m(0.01621022,I(x12))))))",1.40199029730871e-11
"I(tanh(I(I(m(-0.45906947,1))+I(m(1.74672665,I(x24)))+I(m(-1.17909552,I(x33))))))",5.81108197895701e-26
"I(tanh(I(I(m(-0.54389974,1))+I(m(0.71304752,I(x5)))+I(m(0.74676583,I(x21)))+I(m(-1.54455674,I(x44))))))",1.5574883709112e-28
"I(tanh(I(I(m(-0.55434184,1))+I(m(1.22125497,I(x54)))+I(m(2.20692508,I(gmedi(I(x15))))))))",9.11535544461722e-18
"I(tanh(I(I(m(-0.64388516,1))+I(m(-1.48209544,I(x46)))+I(m(-0.31438884,I(x49))))))",1.0715280229551e-24
"I(tanh(I(I(m(-0.86799844,1))+I(m(2.21152636,I(x7)))+I(m(2.85216595,I(glquar(I(x53))))))))",7.92198549582484e-13
"I(tanh(I(I(m(-0.89644865,1))+I(m(0.39084869,I(x10)))+I(m(1.3529043,I(gmedi(I(x22)))))+I(m(-2.88454183,I(sin(I(x29))))))))",1.2215198885593e-28
"I(tanh(I(I(m(-0.89718285,1))+I(m(0.61289653,I(x16)))+I(m(-9.92267487,I(I(x46)*I(glquar(I(x21)))))))))",7.97650841842764e-09
"I(tanh(I(I(m(-1.04066897,1))+I(m(2.19433283,I(I(x27)*I(gmedi(I(x37))))))+I(m(2.41603206,I(glquar(I(x16))))))))",3.79476018977086e-22
"I(tanh(I(I(m(-1.06323075,1))+I(m(0.41695785,I(x1)))+I(m(-3.3108251,I(x42)))+I(m(-1.38470426,I(x46))))))",1.81633557987462e-28
"I(tanh(I(I(m(-1.23968611,1))+I(m(-7.10199802,I(x26)))+I(m(14.95593024,I(x55))))))",5.44295399657381e-20
"I(tanh(I(I(m(-1.82762319,1))+I(m(0.58968717,I(x19)))+I(m(2.26800155,I(x56)))+I(m(2.52438231,I(gmedi(I(I(m(-1.1297921,1))+I(m(-6.60110142,I(x25)))+I(m(15.47077933,I(x55)))))))))))",8.37115411655787e-35
"I(tanh(I(I(m(-18.21491789,1))+I(m(-142.26389178,I(x41)))+I(m(4.0878948,I(gmedi(I(x7)))))+I(m(-0.57072424,I(tanh(I(x40))))))))",1.08857092884073e-20
"I(tanh(I(I(m(-2.07246847,1))+I(m(-5.95341493,I(x25)))+I(m(-1.10145891,I(x48))))))",1.10431885778476e-18
"I(tanh(I(I(m(-2.65604211,1))+I(m(-7.00822587,I(x26)))+I(m(-3.11330936,I(x42))))))",4.94302242245615e-37
"I(tanh(I(I(m(-3.51416205,1))+I(m(-3.27956821,I(x35)))+I(m(2.92857928,I(gauss(I(x45)))))+I(m(0.01733595,I(I(x14)*I(I(x14)*I(x28))))))))",1.25866305619948e-14
"I(tanh(I(I(m(-4.42303741,1))+I(m(-18.53257036,I(x27)))+I(m(0.5331379,I(I(sin(I(I(x35)*I(x25))))*I(x5)))))))",1.9083622831471e-25
"I(tanh(I(I(m(-8.86986971,1))+I(m(-0.51106761,I(x36)))+I(m(5.35604486,I(x54)))+I(m(9.80931036,I(gauss(I(x54)))))+I(m(-1.00104549,I(gauss(I(x14))))))))",9.90440698350207e-32
"I(tanh(I(I(m(0.00914084,1))+I(m(1.55939107,I(x52)))+I(m(4.37337354,I(x56))))))",5.71327036157991e-13
"I(tanh(I(I(m(0.48959567,1))+I(m(0.46437933,I(x16)))+I(m(0.99249853,I(x24)))+I(m(1.48185612,I(x52)))+I(m(1.55001575,I(sin(I(x15)))))+I(m(1.57798461,I(atan(I(I(m(0.11494352,1))+I(m(-0.00644432,I(x2)))+I(m(0.54112537,I(x8)))+I(m(4.48213999,I(x20)))+I(m(0.01621294,I(I(I(x56)*I(x29))*I(x5)))))))))+I(m(0.8248318,I(gmedi(I(x54))))))))",1.01993659720659e-48
"I(tanh(I(I(m(0.64995644,1))+I(m(-6.37643446,I(x25)))+I(m(-3.0204069,I(gauss(I(x56))))))))",0.000635352689238798
"I(tanh(I(I(m(2.0274082,1))+I(m(1.29388709,I(x24)))+I(m(-1.4836509,I(gauss(I(x54)))))+I(m(2.47803409,I(tanh(I(I(m(-0.45516243,1))+I(m(-1.22673564,I(x46)))+I(m(2.18218275,I(x52)))))))))))",7.79124436407316e-08
"I(tanh(I(I(m(2.56192309,1))+I(m(2.32595617,I(x53)))+I(m(2.62961922,I(tanh(I(x16)))))+I(m(-2.65955158,I(gauss(I(x15))))))))",1.51922697542884e-23
"I(tanh(I(I(m(5.09499675,1))+I(m(-3.23616254,I(x35)))+I(m(-11.71636657,I(tanh(I(gauss(I(atan(I(gauss(I(x46))))))))))))))",3.19902924692465e-21
"I(tanh(I(I(sin(I(x7)))*I(x6))))",1.32092455015025e-14
"I(tanh(I(I(x19)*I(x14))))",7.50998957196859e-34
"I(tanh(I(I(x28)*I(x52))))",2.24784812241189e-05
"I(tanh(I(I(x42)*I(tanh(I(I(m(-0.26422222,1))+I(m(0.51774252,I(x6)))+I(m(2.49277025,I(x7)))+I(m(-0.27879284,I(I(x36)*I(x19))))+I(m(-1.19928504,I(gmedi(I(x44)))))+I(m(-2.03870265,I(x32)))))))))",1.25593287653868e-11
"I(tanh(I(I(x46)*I(x55))))",4.55452974844458e-21
"I(tanh(I(I(x48)*I(gauss(I(x51))))))",4.11238515965724e-23
"I(tanh(I(I(x48)*I(x16))))",5.79672379004807e-20
"I(tanh(I(I(x5)*I(x5))))",1.7857238304232e-14
"I(tanh(I(I(x52)*I(x17))))",8.10110265625079e-22
"I(tanh(I(I(x54)*I(x45))))",2.62564530948152e-15
"I(tanh(I(I(x7)*I(gauss(I(x42))))))",5.5464545287312e-18
"I(tanh(I(sin(I(x16)))))",1.80373123266104e-14
"I(tanh(I(sin(I(x36)))))",3.09896741081407e-16
"I(tanh(I(tanh(I(I(x52)*I(x17))))))",7.06567516859214e-27
"I(tanh(I(tanh(I(x20)))))",1.94649430336759e-47
"I(tanh(I(tanh(I(x52)))))",7.09536073856372e-16
"I(tanh(I(tanh(I(x6)))))",7.26258350518083e-19
"I(tanh(I(x1)))",1.22925112601497e-14
"I(tanh(I(x11)))",1.82659638077183e-14
"I(tanh(I(x12)))",2.24753188409413e-05
"I(tanh(I(x14)))",7.12463123002893e-13
"I(tanh(I(x15)))",0.000626792783347937
"I(tanh(I(x16)))",5.31167740346576e-17
"I(tanh(I(x19)))",2.44145280082765e-30
"I(tanh(I(x2)))",7.26881329886029e-07
"I(tanh(I(x20)))",5.67042982853364e-13
"I(tanh(I(x21)))",5.2368641101792e-17
"I(tanh(I(x22)))",2.9350726314273e-16
"I(tanh(I(x23)))",5.33340397170044e-17
"I(tanh(I(x24)))",1.02857703603429e-05
"I(tanh(I(x25)))",0.999330501811252
"I(tanh(I(x27)))",1.05903763407025e-08
"I(tanh(I(x28)))",7.66657879522545e-17
"I(tanh(I(x29)))",2.16390009246325e-34
"I(tanh(I(x31)))",2.12199492387084e-16
"I(tanh(I(x32)))",6.95769121995733e-15
"I(tanh(I(x33)))",4.95322773716258e-13
"I(tanh(I(x34)))",8.09281485527824e-19
"I(tanh(I(x35)))",6.62946346895614e-09
"I(tanh(I(x36)))",3.2758506337981e-05
"I(tanh(I(x38)))",1.01993659720659e-48
"I(tanh(I(x4)))",2.25112413986131e-13
"I(tanh(I(x40)))",5.913791813914e-17
"I(tanh(I(x41)))",7.220850124405e-13
"I(tanh(I(x42)))",5.31178758286912e-17
"I(tanh(I(x44)))",5.20349396856255e-34
"I(tanh(I(x45)))",1.46025751124303e-07
"I(tanh(I(x47)))",5.78974302610864e-26
"I(tanh(I(x48)))",1.23070431548172e-45
"I(tanh(I(x49)))",1.60976474125205e-12
"I(tanh(I(x5)))",1.02860939968071e-05
"I(tanh(I(x50)))",6.5344041364869e-16
"I(tanh(I(x51)))",1.09063666556159e-40
"I(tanh(I(x52)))",0.999330501810622
"I(tanh(I(x53)))",0.000634952474395375
"I(tanh(I(x55)))",6.52454915267679e-16
"I(tanh(I(x57)))",1.72578819328319e-18
"I(tanh(I(x6)))",1.05897599529224e-18
"I(tanh(I(x7)))",2.24537128399703e-05
"I(tanh(I(x8)))",3.11390190304845e-20
"I(x1)",0.956604939638343
"I(x10)",0.862735860907444
"I(x11)",2.24784263148325e-05
"I(x12)",0.999963949306767
"I(x13)",4.34878917974454e-08
"I(x14)",0.000591279638953618
"I(x15)",0.951966026937668
"I(x16)",0.999153456927358
"I(x17)",0.000644814912052295
"I(x18)",1.24268252248887e-06
"I(x19)",1.11597173262089e-05
"I(x2)",0.0799833125625516
"I(x20)",0.999999745546703
"I(x21)",0.999996600763759
"I(x22)",1.02830183631079e-05
"I(x23)",0.999878321446605
"I(x24)",0.999931208224531
"I(x25)",0.99936506617357
"I(x26)",0.999979975622319
"I(x27)",0.999999999940897
"I(x28)",0.00064670483396205
"I(x29)",0.879274730161405
"I(x3)",2.80058171336903e-06
"I(x30)",8.84015669533509e-07
"I(x31)",3.40483274736055e-05
"I(x32)",0.000604052877669298
"I(x33)",0.999969110183513
"I(x34)",1.39209727139951e-06
"I(x35)",0.999999956540369
"I(x36)",0.696252991282417
"I(x37)",2.49676269948132e-11
"I(x38)",7.79234604968474e-08
"I(x39)",2.24458464340749e-05
"I(x4)",7.95444248854543e-05
"I(x40)",5.56330788524059e-06
"I(x41)",0.999999992626167
"I(x42)",0.999999643618153
"I(x43)",0.000657248824696305
"I(x44)",0.989600799732425
"I(x45)",0.99998971493075
"I(x46)",0.999331871043713
"I(x47)",1.02731075091422e-05
"I(x48)",0.00342083780177752
"I(x49)",0.999999809007543
"I(x5)",0.999989369057601
"I(x50)",0.000645576825696582
"I(x51)",0.0866270140016502
"I(x52)",0.000647090572938654
"I(x53)",0.0842334068430015
"I(x54)",0.938724382052792
"I(x55)",0.0891251993930325
"I(x56)",0.999976351542185
"I(x57)",0.999693581238248
"I(x6)",0.000110020818639214
"I(x7)",2.159278239352e-06
"I(x8)",1.18709882435102e-05
"I(x9)",3.26464263624439e-06
